pid,rid,rating,sentiment
0,0,3.3,0.505
1,1,3.2,0.4775
2,2,3.05,0.4575
3,3,3.05,0.4625
4,4,3.25,0.47
5,5,3.05,0.455
6,6,3.25,0.495
7,7,3.05,0.4675
8,8,2.85,0.4325
9,9,3.2,0.4775
10,10,3.1,0.455
11,11,3.45,0.51
12,12,3.15,0.48
13,13,3.05,0.4575
14,14,3.2,0.485
15,15,3.15,0.4775
16,16,3.15,0.485
17,17,3.7,0.5625
18,18,3.05,0.465
19,19,2.9,0.435
20,20,2.9,0.4325
21,21,2.8,0.415
22,22,3.15,0.4675
23,23,3.4,0.515
24,24,2.95,0.4575
25,25,3.1,0.465
26,26,3,0.4425
27,27,3.55,0.535
28,28,3.45,0.535
29,29,2.7,0.415
30,30,3.05,0.4675
31,31,3.1,0.475
32,32,2.9,0.45
33,33,3.15,0.485
34,34,2.8,0.4275
35,35,3.05,0.475
36,36,3.05,0.4625
37,37,3.3,0.505
38,38,3.05,0.4725
39,39,3.25,0.4975
40,40,3.25,0.4825
41,41,2.95,0.445
42,42,3.2,0.4725
43,43,3.55,0.5325
44,44,2.9,0.435
45,45,2.9,0.4325
46,46,3.25,0.49
47,47,3.15,0.4775
48,48,3.3,0.4975
49,49,2.95,0.45
50,50,3.3,0.495
51,51,3.2,0.4725
52,52,3.3,0.4975
53,53,3.15,0.4725
54,54,3.6,0.545
55,55,3.2,0.4925
56,56,3.1,0.48
57,57,3.1,0.4725
58,58,3.25,0.4875
59,59,2.95,0.4575
60,60,2.85,0.4375
61,61,3.1,0.4475
62,62,3.4,0.5025
63,63,3.4,0.5075
64,64,3.4,0.5125
65,65,3,0.4575
66,66,3,0.46
67,67,2.95,0.44
68,68,3.35,0.5
69,69,3.25,0.4825
70,70,2.95,0.4425
71,71,3.55,0.5325
72,72,3.3,0.4975
73,73,2.85,0.43
74,74,3.15,0.4725
75,75,3.4,0.52
76,76,2.9,0.4275
77,77,3.4,0.5175
78,78,3,0.455
79,79,3.3,0.485
80,80,3.2,0.4725
81,81,3.25,0.4775
82,82,3.25,0.495
83,83,3,0.4475
84,84,3.1,0.4725
85,85,3.2,0.48
86,86,3.3,0.4975
87,87,3,0.4575
88,88,3.5,0.5175
89,89,3.1,0.4625
90,90,3.35,0.505
91,91,3.2,0.4875
92,92,3.05,0.4625
93,93,3.35,0.5075
94,94,3.1,0.4725
95,95,3.3,0.5
96,96,3.05,0.46
97,97,2.95,0.4525
98,98,3,0.46
99,99,3.1,0.4775
100,100,3.5,0.515
101,101,3.1,0.47
102,102,3.05,0.46
103,103,3.15,0.4775
104,104,3.2,0.4725
105,105,3.15,0.4725
106,106,2.85,0.435
107,107,3.25,0.4825
108,108,3.2,0.48
109,109,3.15,0.4825
110,110,3,0.4575
111,111,3.2,0.4875
112,112,2.85,0.43
113,113,3.3,0.485
114,114,3.05,0.4625
115,115,3.35,0.5025
116,116,3.15,0.48
117,117,3.1,0.4675
118,118,2.95,0.4425
119,119,3.3,0.51
120,120,3.2,0.475
121,121,3.2,0.4775
122,122,3.55,0.5325
123,123,3.15,0.48
124,124,3.55,0.54
125,125,2.95,0.45
126,126,3.1,0.4725
127,127,3.2,0.49
128,128,2.75,0.4175
129,129,3.1,0.4575
130,130,3,0.455
131,131,2.5,0.3725
132,132,3.75,0.5575
133,133,3.1,0.465
134,134,3.1,0.4575
135,135,3,0.4575
136,136,3.2,0.4825
137,137,3.4,0.5075
138,138,3.25,0.485
139,139,2.8,0.4125
140,140,3.15,0.48
141,141,3.05,0.475
142,142,3.15,0.4825
143,143,3.65,0.54
144,144,3.2,0.4775
145,145,3.2,0.4925
146,146,3.35,0.5075
147,147,2.85,0.43
148,148,3.2,0.49
149,149,3.2,0.47
150,150,3,0.455
151,151,3.1,0.4575
152,152,2.95,0.46
153,153,3.2,0.4825
154,154,3.1,0.46
155,155,3.25,0.49
156,156,3.35,0.51
157,157,2.95,0.43
158,158,2.85,0.4275
159,159,2.8,0.43
160,160,3.15,0.4625
161,161,3.75,0.565
162,162,3,0.44
163,163,3.15,0.47
164,164,3.35,0.5025
165,165,3.1,0.4625
166,166,3.15,0.4625
167,167,3.35,0.4925
168,168,3.05,0.4575
169,169,3.2,0.4725
170,170,3.65,0.53
171,171,3.2,0.485
172,172,2.95,0.4525
173,173,3.15,0.48
174,174,3.25,0.485
175,175,2.8,0.425
176,176,3.6,0.5525
177,177,3.1,0.465
178,178,2.95,0.4425
179,179,2.9,0.4375
180,180,3.45,0.51
181,181,3.5,0.52
182,182,3.4,0.5125
183,183,3.15,0.4825
184,184,3.1,0.47
185,185,3.05,0.4575
186,186,3.5,0.5325
187,187,3.05,0.45
188,188,3.3,0.495
189,189,3.15,0.4725
190,190,2.85,0.4225
191,191,3.25,0.4925
192,192,3.15,0.4725
193,193,3,0.4525
194,194,3.05,0.445
195,195,3,0.455
196,196,2.95,0.45
197,197,3,0.4575
198,198,3.4,0.51
199,199,2.9,0.44
200,200,2.55,0.3975
201,201,2.85,0.4275
202,202,3.7,0.5625
203,203,3.55,0.525
204,204,3.25,0.475
205,205,3,0.4475
206,206,3.1,0.465
207,207,3.5,0.5125
208,208,3,0.45
209,209,2.85,0.4425
210,210,3.8,0.565
211,211,3.05,0.46
212,212,3.4,0.5075
213,213,2.95,0.45
214,214,2.95,0.4425
215,215,3.1,0.46
216,216,3.7,0.5575
217,217,3.25,0.4975
218,218,3.3,0.495
219,219,2.75,0.395
220,220,3.35,0.495
221,221,3.8,0.5725
222,222,2.95,0.435
223,223,2.9,0.435
224,224,3.2,0.475
225,225,2.7,0.405
226,226,3.1,0.475
227,227,3.55,0.535
228,228,3,0.44
229,229,3.7,0.56
230,230,3.45,0.525
231,231,3.25,0.485
232,232,3.4,0.4975
233,233,2.8,0.44
234,234,3.65,0.55
235,235,3.15,0.475
236,236,3.25,0.4975
237,237,3.15,0.4725
238,238,3.3,0.4925
239,239,3.2,0.4775
240,240,3.25,0.4925
241,241,2.85,0.4225
242,242,2.85,0.425
243,243,2.7,0.4025
244,244,3.35,0.4975
245,245,3.25,0.4925
246,246,2.75,0.405
247,247,3.05,0.4525
248,248,2.95,0.455
249,249,3.2,0.47
250,250,2.9,0.4375
251,251,2.95,0.44
252,252,3.55,0.53
253,253,3.15,0.4775
254,254,2.9,0.43
255,255,3.25,0.4875
256,256,2.95,0.445
257,257,3.2,0.485
258,258,3.05,0.4675
259,259,3.25,0.4875
260,260,3.75,0.5575
261,261,3.85,0.5825
262,262,2.7,0.4075
263,263,3.05,0.4525
264,264,3.25,0.495
265,265,3.45,0.52
266,266,3.1,0.475
267,267,3.2,0.49
268,268,3.8,0.565
269,269,3.3,0.5
270,270,3.1,0.465
271,271,3.4,0.515
272,272,3.05,0.4725
273,273,3.5,0.5025
274,274,3.4,0.51
275,275,3.35,0.4975
276,276,3.4,0.5025
277,277,3.15,0.475
278,278,2.8,0.4425
279,279,3.45,0.5125
280,280,3.15,0.4675
281,281,3.1,0.47
282,282,3.4,0.505
283,283,3.25,0.4825
284,284,3,0.45
285,285,3.15,0.485
286,286,3.2,0.4725
287,287,3.3,0.4975
288,288,3.2,0.4925
289,289,2.85,0.435
290,290,3.2,0.485
291,291,2.9,0.4425
292,292,3.05,0.44
293,293,3.4,0.515
294,294,2.95,0.4375
295,295,2.85,0.4375
296,296,3.15,0.475
297,297,3.1,0.4625
298,298,3,0.4525
299,299,2.85,0.4225
300,300,3.4,0.495
301,301,3.35,0.51
302,302,3.65,0.545
303,303,3.35,0.525
304,304,3.1,0.46
305,305,3.2,0.4725
306,306,2.95,0.45
307,307,3.55,0.5375
308,308,3.15,0.475
309,309,3.65,0.5375
310,310,2.8,0.445
311,311,3.3,0.4825
312,312,3.35,0.5
313,313,3.4,0.495
314,314,3.1,0.4875
315,315,3.25,0.4875
316,316,3,0.4525
317,317,2.95,0.435
318,318,3.2,0.47
319,319,2.95,0.44
320,320,3.5,0.5275
321,321,3.428571429,0.526190476
322,322,3.380952381,0.50952381
323,323,3.142857143,0.49047619
324,324,3.285714286,0.495238095
325,325,3.19047619,0.488095238
326,326,3.095238095,0.452380952
327,327,3.523809524,0.526190476
328,328,3.714285714,0.552380952
329,329,3.19047619,0.480952381
330,330,3.476190476,0.519047619
331,331,3,0.442857143
332,332,3.666666667,0.533333333
333,333,3.285714286,0.488095238
334,334,3.476190476,0.533333333
335,335,3.619047619,0.535714286
336,336,3.380952381,0.511904762
337,337,3.571428571,0.535714286
338,338,3.19047619,0.488095238
339,339,3.523809524,0.533333333
340,340,3,0.442857143
341,341,3.571428571,0.547619048
342,342,3.142857143,0.478571429
343,343,3.19047619,0.480952381
344,344,3.19047619,0.476190476
345,345,3.476190476,0.514285714
346,346,4.047619048,0.6
347,347,3.714285714,0.561904762
348,348,2.952380952,0.447619048
349,349,3.047619048,0.471428571
350,350,3.476190476,0.521428571
351,351,3.428571429,0.50952381
352,352,3.666666667,0.538095238
353,353,3.380952381,0.504761905
354,354,3.666666667,0.545238095
355,355,3.095238095,0.473809524
356,356,2.904761905,0.445238095
357,357,3.476190476,0.521428571
358,358,3.333333333,0.497619048
359,359,3.428571429,0.519047619
360,360,3.904761905,0.588095238
361,361,3.476190476,0.523809524
362,362,3.571428571,0.528571429
363,363,2.666666667,0.404761905
364,364,3,0.447619048
365,365,3.142857143,0.480952381
366,366,3.571428571,0.530952381
367,367,3.428571429,0.519047619
368,368,3.333333333,0.5
369,369,3.523809524,0.535714286
370,370,3.761904762,0.569047619
371,371,3.523809524,0.523809524
372,372,3.095238095,0.480952381
373,373,3.428571429,0.511904762
374,374,3.476190476,0.514285714
375,375,3.619047619,0.545238095
376,376,3.285714286,0.483333333
377,377,3.238095238,0.480952381
378,378,3.142857143,0.471428571
379,379,3.142857143,0.476190476
380,380,3.714285714,0.545238095
381,381,3.523809524,0.535714286
382,382,3.80952381,0.564285714
383,383,3.142857143,0.478571429
384,384,3.523809524,0.538095238
385,385,3.19047619,0.480952381
386,386,3.619047619,0.530952381
387,387,3.523809524,0.523809524
388,388,3.619047619,0.554761905
389,389,3.523809524,0.528571429
390,390,3.666666667,0.552380952
391,391,3.523809524,0.523809524
392,392,3.80952381,0.569047619
393,393,3.333333333,0.523809524
394,394,3.380952381,0.50952381
395,395,3.666666667,0.552380952
396,396,3.333333333,0.49047619
397,397,3.238095238,0.485714286
398,398,3.428571429,0.519047619
399,399,3.285714286,0.502380952
400,400,3.047619048,0.464285714
401,401,3.666666667,0.55
402,402,3.285714286,0.478571429
403,403,3.476190476,0.526190476
404,404,3.19047619,0.483333333
405,405,3.476190476,0.533333333
406,406,3.666666667,0.542857143
407,407,3.142857143,0.473809524
408,408,3.428571429,0.521428571
409,409,3.523809524,0.526190476
410,410,3.095238095,0.469047619
411,411,3.333333333,0.502380952
412,412,3.333333333,0.511904762
413,413,2.714285714,0.414285714
414,414,3.476190476,0.530952381
415,415,3.857142857,0.569047619
416,416,3.761904762,0.569047619
417,417,3.285714286,0.495238095
418,418,3.333333333,0.516666667
419,419,3.619047619,0.535714286
420,420,3.523809524,0.530952381
421,421,3.714285714,0.535714286
422,422,2.904761905,0.45
423,423,3.380952381,0.504761905
424,424,3.523809524,0.526190476
425,425,3.80952381,0.566666667
426,426,3.238095238,0.483333333
427,427,3.380952381,0.530952381
428,428,3.571428571,0.533333333
429,429,3.523809524,0.530952381
430,430,3.523809524,0.50952381
431,431,3.904761905,0.583333333
432,432,3.380952381,0.5
433,433,3.285714286,0.5
434,434,3.238095238,0.485714286
435,435,3.095238095,0.473809524
436,436,2.952380952,0.442857143
437,437,3.666666667,0.542857143
438,438,3.047619048,0.457142857
439,439,3.285714286,0.483333333
440,440,3.714285714,0.545238095
441,441,3.19047619,0.492857143
442,442,3.428571429,0.521428571
443,443,3.571428571,0.545238095
444,444,3.333333333,0.5
445,445,3.571428571,0.538095238
446,446,3.857142857,0.585714286
447,447,3.285714286,0.5
448,448,3.571428571,0.542857143
449,449,2.857142857,0.421428571
450,450,3.19047619,0.466666667
451,451,3.666666667,0.554761905
452,452,3.380952381,0.504761905
453,453,3.19047619,0.483333333
454,454,2.952380952,0.452380952
455,455,3.19047619,0.495238095
456,456,3.476190476,0.528571429
457,457,3.80952381,0.583333333
458,458,3.19047619,0.471428571
459,459,3.333333333,0.5
460,460,3.476190476,0.521428571
461,461,3,0.45952381
462,462,3.761904762,0.566666667
463,463,3.571428571,0.538095238
464,464,3.380952381,0.507142857
465,465,3.571428571,0.533333333
466,466,3.761904762,0.557142857
467,467,3.476190476,0.519047619
468,468,3.380952381,0.502380952
469,469,3.380952381,0.497619048
470,470,3.380952381,0.514285714
471,471,3.476190476,0.519047619
472,472,3.857142857,0.59047619
473,473,3.19047619,0.495238095
474,474,3.761904762,0.557142857
475,475,3.523809524,0.538095238
476,476,3.80952381,0.571428571
477,477,3.571428571,0.545238095
478,478,3,0.461904762
479,479,3.761904762,0.573809524
480,480,3.19047619,0.478571429
481,481,3.476190476,0.526190476
482,482,3.619047619,0.535714286
483,483,3.666666667,0.542857143
484,484,3.761904762,0.554761905
485,485,3.333333333,0.502380952
486,486,3.333333333,0.5
487,487,3.619047619,0.545238095
488,488,3.333333333,0.49047619
489,489,3.619047619,0.545238095
490,490,3.523809524,0.519047619
491,491,3.285714286,0.5
492,492,3.952380952,0.60952381
493,493,3.714285714,0.547619048
494,494,3.523809524,0.530952381
495,495,3.666666667,0.557142857
496,496,3.571428571,0.545238095
497,497,3.857142857,0.561904762
498,498,3.80952381,0.566666667
499,499,3.380952381,0.511904762
500,500,3.142857143,0.483333333
501,501,4,0.60952381
502,502,3.619047619,0.542857143
503,503,3.380952381,0.5
504,504,3.571428571,0.526190476
505,505,3.285714286,0.492857143
506,506,3.666666667,0.552380952
507,507,3.285714286,0.49047619
508,508,3.619047619,0.523809524
509,509,3.238095238,0.476190476
510,510,3.428571429,0.514285714
511,511,3.476190476,0.535714286
512,512,3.238095238,0.483333333
513,513,3.428571429,0.523809524
514,514,3.952380952,0.588095238
515,515,3.523809524,0.526190476
516,516,3.428571429,0.516666667
517,517,3.047619048,0.45952381
518,518,3,0.442857143
519,519,3.714285714,0.547619048
520,520,3.047619048,0.464285714
521,521,4.238095238,0.621428571
522,522,4.095238095,0.611904762
523,523,3.238095238,0.485714286
524,524,3.428571429,0.521428571
525,525,3.476190476,0.521428571
526,526,3.428571429,0.519047619
527,527,3.285714286,0.492857143
528,528,3.142857143,0.478571429
529,529,3.285714286,0.497619048
530,530,3.571428571,0.538095238
531,531,3.428571429,0.511904762
532,532,3.80952381,0.566666667
533,533,3.571428571,0.528571429
534,534,3.476190476,0.528571429
535,535,3.380952381,0.492857143
536,536,3.619047619,0.542857143
537,537,4,0.595238095
538,538,3.285714286,0.49047619
539,539,3.904761905,0.59047619
540,540,3.238095238,0.485714286
541,541,2.952380952,0.430952381
542,542,3.19047619,0.476190476
543,543,3.571428571,0.542857143
544,544,3.523809524,0.538095238
545,545,3.857142857,0.564285714
546,546,3.619047619,0.538095238
547,547,3.380952381,0.5
548,548,3.476190476,0.523809524
549,549,3.428571429,0.50952381
550,550,3.571428571,0.538095238
551,551,4.047619048,0.604761905
552,552,3.571428571,0.533333333
553,553,3.666666667,0.557142857
554,554,3.619047619,0.542857143
555,555,3.714285714,0.569047619
556,556,3.476190476,0.519047619
557,557,3.476190476,0.504761905
558,558,3.714285714,0.542857143
559,559,3,0.466666667
560,560,3.238095238,0.495238095
561,561,3.571428571,0.530952381
562,562,3.80952381,0.573809524
563,563,3.761904762,0.564285714
564,564,3.142857143,0.476190476
565,565,3.523809524,0.526190476
566,566,3.047619048,0.457142857
567,567,3.952380952,0.592857143
568,568,3.285714286,0.492857143
569,569,2.666666667,0.392857143
570,570,3.476190476,0.514285714
571,571,3.238095238,0.488095238
572,572,3.666666667,0.55
573,573,3.047619048,0.457142857
574,574,3.142857143,0.469047619
575,575,3.142857143,0.461904762
576,576,3.333333333,0.502380952
577,577,3.523809524,0.514285714
578,578,4,0.597826087
579,579,3.956521739,0.582608696
580,580,4.086956522,0.586956522
581,581,4.043478261,0.593478261
582,582,4.086956522,0.617391304
583,583,3.913043478,0.580434783
584,584,3.956521739,0.595652174
585,585,4,0.584782609
586,586,4.043478261,0.617391304
587,587,4.217391304,0.634782609
588,588,3.913043478,0.584782609
589,589,4.173913043,0.615217391
590,590,3.826086957,0.567391304
591,591,3,0.454347826
592,592,4.217391304,0.630434783
593,593,4.217391304,0.615217391
594,594,4.086956522,0.613043478
595,595,4.173913043,0.62173913
596,596,4.217391304,0.62173913
597,597,3.260869565,0.489130435
598,598,4.217391304,0.617391304
599,599,5,0.75
600,600,4.217391304,0.626086957
601,601,3.956521739,0.580434783
602,602,4,0.589130435
603,603,4.086956522,0.595652174
604,604,3.826086957,0.569565217
605,605,4.043478261,0.602173913
606,606,3.826086957,0.567391304
607,607,3.652173913,0.558695652
608,608,4,0.6
609,609,4,0.604347826
610,610,4.130434783,0.619565217
611,611,3.869565217,0.593478261
612,612,3.260869565,0.491304348
613,613,4,0.6
614,614,3.304347826,0.506521739
615,615,3.739130435,0.567391304
616,616,4.173913043,0.62173913
617,617,4.260869565,0.652173913
618,618,4.043478261,0.591304348
619,619,4.086956522,0.619565217
620,620,3.739130435,0.569565217
621,621,4.043478261,0.602173913
622,622,3.130434783,0.482608696
623,623,4.217391304,0.62173913
624,624,5,0.734782609
625,625,3.782608696,0.57173913
626,626,3,0.463043478
627,627,3.956521739,0.582608696
628,628,4,0.606521739
629,629,4.173913043,0.62173913
630,630,4.043478261,0.610869565
631,631,4,0.606521739
632,632,4.173913043,0.62173913
633,633,4.130434783,0.617391304
634,634,5,0.747826087
635,635,3.739130435,0.552173913
636,636,2.956521739,0.447826087
637,637,4.304347826,0.632608696
638,638,4.217391304,0.639130435
639,639,3.739130435,0.556521739
640,640,3.782608696,0.573913043
641,641,3.826086957,0.586956522
642,642,4,0.595652174
643,643,4.043478261,0.6
644,644,3.782608696,0.565217391
645,645,3,0.452173913
646,646,3.956521739,0.584782609
647,647,3.956521739,0.584782609
648,648,3.782608696,0.569565217
649,649,4,0.586956522
650,650,3.695652174,0.554347826
651,651,3,0.45
652,652,3.782608696,0.563043478
653,653,3.782608696,0.567391304
654,654,4,0.597826087
655,655,4.086956522,0.608695652
656,656,3.826086957,0.576086957
657,657,3.956521739,0.576086957
658,658,4.043478261,0.606521739
659,659,3.869565217,0.576086957
660,660,3.217391304,0.489130435
661,661,3.086956522,0.458695652
662,662,4.043478261,0.6
663,663,4.130434783,0.613043478
664,664,3.130434783,0.480434783
665,665,4,0.597826087
666,666,3.695652174,0.556521739
667,667,3.652173913,0.552173913
668,668,3.695652174,0.545652174
669,669,3,0.447826087
670,670,2.956521739,0.443478261
671,671,4.304347826,0.634782609
672,672,4.217391304,0.634782609
673,673,3.869565217,0.582608696
674,674,4.043478261,0.602173913
675,675,3.782608696,0.556521739
676,676,3,0.443478261
677,677,3.434782609,0.510869565
678,678,4.260869565,0.636956522
679,679,4.043478261,0.606521739
680,680,4.130434783,0.597826087
681,681,4.086956522,0.615217391
682,682,4,0.595652174
683,683,3,0.45
684,684,3.913043478,0.586956522
685,685,3.695652174,0.55
686,686,4.086956522,0.606521739
687,687,4.043478261,0.602173913
688,688,3.869565217,0.565217391
689,689,3.869565217,0.569565217
690,690,4.043478261,0.597826087
691,691,3.739130435,0.552173913
692,692,3.826086957,0.569565217
693,693,4.173913043,0.606521739
694,694,3.869565217,0.569565217
695,695,3.913043478,0.569565217
696,696,4.173913043,0.626086957
697,697,4.043478261,0.6
698,698,5,0.754347826
699,699,4.130434783,0.608695652
700,700,4.260869565,0.636956522
701,701,4,0.610869565
702,702,4.086956522,0.606521739
703,703,3,0.454347826
704,704,4.260869565,0.641304348
705,705,4,0.595652174
706,706,3.869565217,0.584782609
707,707,4,0.604347826
708,708,4,0.591304348
709,709,4.043478261,0.595652174
710,710,3.826086957,0.580434783
711,711,3.913043478,0.576086957
712,712,3.565217391,0.539130435
713,713,3.130434783,0.465217391
714,714,3.391304348,0.502173913
715,715,4,0.593478261
716,716,4.043478261,0.602173913
717,717,3.782608696,0.558695652
718,718,2.826086957,0.441304348
719,719,3.826086957,0.576086957
720,720,4,0.595652174
721,721,3.869565217,0.57826087
722,722,3.173913043,0.47826087
723,723,3.826086957,0.580434783
724,724,4.173913043,0.619565217
725,725,4,0.589130435
726,726,4,0.593478261
727,727,3.869565217,0.580434783
728,728,3.347826087,0.491304348
729,729,4.043478261,0.604347826
730,730,4.043478261,0.597826087
731,731,3.782608696,0.560869565
732,732,3.826086957,0.558695652
733,733,3.043478261,0.443478261
734,734,3.695652174,0.554347826
735,735,3.913043478,0.580434783
736,736,3,0.456521739
737,737,3.391304348,0.497826087
738,738,3.695652174,0.563043478
739,739,3.956521739,0.591304348
740,740,3.956521739,0.57173913
741,741,3.956521739,0.582608696
742,742,3.869565217,0.573913043
743,743,3,0.454347826
744,744,4.130434783,0.62173913
745,745,3.913043478,0.576086957
746,746,4.043478261,0.602173913
747,747,5,0.732608696
748,748,3.913043478,0.593478261
749,749,4.217391304,0.62173913
750,750,4.347826087,0.652173913
751,751,3.956521739,0.586956522
752,752,5,0.745652174
753,753,4.173913043,0.626086957
754,754,4.260869565,0.626086957
755,755,4.086956522,0.606521739
756,756,4.130434783,0.608695652
757,757,4.043478261,0.608695652
758,758,4.173913043,0.626086957
759,759,3.782608696,0.552173913
760,760,3.739130435,0.556521739
761,761,3,0.452173913
762,762,3,0.452173913
763,763,3.956521739,0.586956522
764,764,4.043478261,0.595652174
765,765,3.565217391,0.539130435
766,766,3.739130435,0.558695652
767,767,3.956521739,0.593478261
768,768,4.043478261,0.593478261
769,769,3,0.445652174
770,770,3.652173913,0.547826087
771,771,4.086956522,0.606521739
772,772,5,0.743478261
773,773,5,0.739130435
774,774,3.913043478,0.569565217
775,775,3,0.443478261
776,776,4.217391304,0.623913043
777,777,4.130434783,0.626086957
778,778,4.130434783,0.619565217
779,779,3.043478261,0.463043478
780,780,4.086956522,0.613043478
781,781,5,0.723913043
782,782,4.217391304,0.623913043
783,783,4.173913043,0.62173913
784,784,4.173913043,0.623913043
785,785,3,0.45
786,786,2.956521739,0.45
787,787,3.304347826,0.517391304
788,788,4.130434783,0.610869565
789,789,4.260869565,0.632608696
790,790,4.217391304,0.623913043
791,791,4.304347826,0.632608696
792,792,4.130434783,0.610869565
793,793,3.956521739,0.593478261
794,794,4.043478261,0.591304348
795,795,3.913043478,0.582608696
796,796,4.043478261,0.608695652
797,797,3.565217391,0.547826087
798,798,3.956521739,0.589130435
799,799,5,0.734782609
800,800,4,0.6
801,801,3.608695652,0.541304348
802,802,3,0.454347826
803,803,3.826086957,0.57173913
804,804,3.913043478,0.582608696
805,805,4.043478261,0.608695652
806,806,3.869565217,0.580434783
807,807,3.913043478,0.584782609
808,808,4.217391304,0.632608696
809,809,5,0.745652174
810,810,3.956521739,0.595652174
811,811,4.173913043,0.619565217
812,812,4.130434783,0.606521739
813,813,4.391304348,0.652173913
814,814,4.043478261,0.608695652
815,815,4,0.595652174
816,816,3.695652174,0.539130435
817,817,3.956521739,0.57826087
818,818,3.826086957,0.567391304
819,819,4.217391304,0.626086957
820,820,4.086956522,0.62173913
821,821,4,0.584782609
822,822,4.130434783,0.613043478
823,823,4.304347826,0.647826087
824,824,3.652173913,0.560869565
825,825,3.869565217,0.582608696
826,826,4.217391304,0.626086957
827,827,4,0.602173913
828,828,3.913043478,0.593478261
829,829,3.260869565,0.491304348
830,830,2,0.304347826
831,831,3.913043478,0.576086957
832,832,2.739130435,0.417391304
833,833,4.086956522,0.617391304
834,834,4,0.591304348
835,835,4.086956522,0.606521739
836,836,4,0.595652174
837,837,4.130434783,0.608695652
838,838,4.086956522,0.606521739
839,839,5,0.732608696
840,840,3.913043478,0.595652174
841,841,4.217391304,0.62173913
842,842,4.086956522,0.619565217
843,843,4.086956522,0.593478261
844,844,3.913043478,0.582608696
845,845,3.739130435,0.565217391
846,846,3.739130435,0.563043478
847,847,3,0.45
848,848,3.782608696,0.563043478
849,849,4.130434783,0.619565217
850,850,4,0.602173913
851,851,3.086956522,0.452173913
852,852,4.086956522,0.613043478
853,853,3.739130435,0.560869565
854,854,3.782608696,0.569565217
855,855,5,0.752173913
856,856,5,0.741304348
857,857,3.217391304,0.486956522
858,858,3.956521739,0.591304348
859,859,3.826086957,0.563043478
860,860,3,0.458695652
861,861,3.782608696,0.558695652
862,862,4.086956522,0.617391304
863,863,3.869565217,0.57826087
864,864,4,0.589130435
865,865,4.130434783,0.615217391
866,866,3.869565217,0.580434783
867,867,4.086956522,0.604347826
868,868,5,0.736956522
869,869,3.391304348,0.502173913
870,870,2.913043478,0.436956522
871,871,2,0.310869565
872,872,2,0.310869565
873,873,3.782608696,0.565217391
874,874,4,0.584782609
875,875,3.913043478,0.57826087
876,876,3.869565217,0.576086957
877,877,3.782608696,0.569565217
878,878,3.956521739,0.584782609
879,879,4.130434783,0.613043478
880,880,3.739130435,0.563043478
881,881,3,0.456521739
882,882,3.913043478,0.584782609
883,883,4.130434783,0.608695652
884,884,5,0.75
885,885,5,0.726086957
886,886,4,0.591304348
887,887,4.260869565,0.634782609
888,888,3,0.452173913
889,889,3,0.458695652
890,890,3.869565217,0.582608696
891,891,4.565217391,0.67826087
892,892,3.173913043,0.484782609
893,893,3.782608696,0.565217391
894,894,3.956521739,0.593478261
895,895,4.043478261,0.6
896,896,4.043478261,0.610869565
897,897,4.260869565,0.626086957
898,898,3.869565217,0.595652174
899,899,3.956521739,0.595652174
900,900,3.869565217,0.569565217
901,901,3.869565217,0.584782609
902,902,4.086956522,0.610869565
903,903,3.782608696,0.565217391
904,904,4.130434783,0.606521739
905,905,3.304347826,0.493478261
906,906,4.347826087,0.652173913
907,907,4,0.597826087
908,908,4.043478261,0.597826087
909,909,4,0.593478261
910,910,4.130434783,0.619565217
911,911,4.565217391,0.669565217
912,912,4.173913043,0.62173913
913,913,4,0.589130435
914,914,4.391304348,0.654347826
915,915,4,0.589130435
916,916,3.869565217,0.57173913
917,917,3.956521739,0.591304348
918,918,4,0.602173913
919,919,4.130434783,0.626086957
920,920,3,0.452173913
921,921,3.913043478,0.563043478
922,922,3.869565217,0.582608696
923,923,4.043478261,0.610869565
924,924,3.913043478,0.586956522
925,925,4.086956522,0.613043478
926,926,3.869565217,0.567391304
927,927,3.173913043,0.476086957
928,928,4.434782609,0.656521739
929,929,4.043478261,0.6
930,930,5,0.745652174
931,931,3.739130435,0.554347826
932,932,3.913043478,0.57826087
933,933,4.173913043,0.619565217
934,934,3.05,0.4475
935,935,3.15,0.475
936,936,3.6,0.56
937,937,3.25,0.4875
938,938,3.2,0.4875
939,939,3.05,0.4525
940,940,3.95,0.5775
941,941,4.1,0.61
942,942,2.8,0.425
943,943,3.5,0.5275
944,944,3.3,0.495
945,945,3.2,0.475
946,946,3.8,0.5575
947,947,3.8,0.5725
948,948,3.85,0.57
949,949,3.5,0.5275
950,950,3.2,0.485
951,951,3.35,0.515
952,952,2.8,0.43
953,953,3.4,0.5
954,954,4.1,0.6025
955,955,2.9,0.445
956,956,3.65,0.54
957,957,3.65,0.5425
958,958,3.6,0.5375
959,959,3.15,0.4625
960,960,3.5,0.52
961,961,3.25,0.495
962,962,3.65,0.55
963,963,3.5,0.505
964,964,3.5,0.54
965,965,3.3,0.495
966,966,3.6,0.535
967,967,3.45,0.515
968,968,3.6,0.53
969,969,3.3,0.495
970,970,3.45,0.5325
971,971,3.35,0.5125
972,972,3.1,0.465
973,973,3.2,0.4975
974,974,3.2,0.4675
975,975,3.85,0.58
976,976,3.5,0.515
977,977,3.65,0.5525
978,978,3.45,0.5075
979,979,3.2,0.4675
980,980,3.75,0.5725
981,981,4.1,0.6025
982,982,3.15,0.465
983,983,3.25,0.49
984,984,3.3,0.5
985,985,3.5,0.52
986,986,3.7,0.565
987,987,3.3,0.5
988,988,3.45,0.515
989,989,3.4,0.515
990,990,2.9,0.455
991,991,2.95,0.455
992,992,3.5,0.53
993,993,3.6,0.54
994,994,3.8,0.56
995,995,3.5,0.5275
996,996,3.4,0.51
997,997,3.85,0.565
998,998,3.4,0.5075
999,999,3.65,0.545
1000,1000,3.25,0.4925
1001,1001,3.55,0.5325
1002,1002,3.3,0.5
1003,1003,3.15,0.465
1004,1004,3.5,0.5225
1005,1005,3.55,0.5225
1006,1006,3.45,0.5125
1007,1007,3.45,0.5175
1008,1008,3.15,0.47
1009,1009,3.6,0.5275
1010,1010,3.45,0.5225
1011,1011,3.8,0.5775
1012,1012,3.9,0.6
1013,1013,3.65,0.54
1014,1014,3.55,0.53
1015,1015,3.45,0.515
1016,1016,3.3,0.485
1017,1017,3.5,0.535
1018,1018,3.65,0.545
1019,1019,3.55,0.53
1020,1020,3.8,0.5725
1021,1021,3.45,0.515
1022,1022,3.55,0.525
1023,1023,3.8,0.56
1024,1024,3.25,0.485
1025,1025,3.85,0.5725
1026,1026,3.35,0.5
1027,1027,3.7,0.56
1028,1028,3.4,0.505
1029,1029,3.9,0.575
1030,1030,3.15,0.4875
1031,1031,3.6,0.545
1032,1032,3.05,0.4525
1033,1033,3.9,0.585
1034,1034,3.3,0.4975
1035,1035,3.7,0.5675
1036,1036,3.1,0.4625
1037,1037,3.2,0.4875
1038,1038,3.65,0.5375
1039,1039,4,0.59
1040,1040,3.3,0.5025
1041,1041,3.25,0.4875
1042,1042,3.5,0.5325
1043,1043,3.25,0.4825
1044,1044,3.15,0.4825
1045,1045,3.5,0.5225
1046,1046,4.1,0.615
1047,1047,3.45,0.52
1048,1048,3.3,0.5075
1049,1049,3.65,0.5475
1050,1050,2.95,0.4425
1051,1051,3.75,0.555
1052,1052,3.6,0.535
1053,1053,3.55,0.53
1054,1054,3.65,0.5525
1055,1055,3.65,0.5425
1056,1056,3.5,0.535
1057,1057,3.75,0.57
1058,1058,3.35,0.495
1059,1059,3.65,0.55
1060,1060,3.3,0.495
1061,1061,3.7,0.5575
1062,1062,3.9,0.58
1063,1063,4.05,0.5975
1064,1064,3.7,0.55
1065,1065,3.7,0.56
1066,1066,2.75,0.4225
1067,1067,4,0.5925
1068,1068,3.35,0.485
1069,1069,3.4,0.5075
1070,1070,3.7,0.5475
1071,1071,3.15,0.4775
1072,1072,3.45,0.51
1073,1073,3.5,0.5125
1074,1074,3.4,0.5275
1075,1075,3.85,0.565
1076,1076,3.45,0.5225
1077,1077,3.5,0.535
1078,1078,3.5,0.5275
1079,1079,3.3,0.495
1080,1080,3.5,0.5225
1081,1081,3.2,0.4775
1082,1082,3.25,0.4825
1083,1083,2.85,0.4275
1084,1084,3,0.4575
1085,1085,3.8,0.565
1086,1086,3.35,0.505
1087,1087,3.4,0.5125
1088,1088,3.7,0.545
1089,1089,3.6,0.5275
1090,1090,3.55,0.5375
1091,1091,3.55,0.5325
1092,1092,3.95,0.58
1093,1093,3.2,0.47
1094,1094,3.25,0.4975
1095,1095,3.35,0.4975
1096,1096,3.75,0.5725
1097,1097,3.7,0.56
1098,1098,3.4,0.5125
1099,1099,2.6,0.395
1100,1100,3.9,0.595
1101,1101,3.35,0.5
1102,1102,3.4,0.5175
1103,1103,3.3,0.5075
1104,1104,3.45,0.515
1105,1105,3.45,0.515
1106,1106,3.4,0.5175
1107,1107,2.95,0.45
1108,1108,3.15,0.475
1109,1109,3.85,0.5625
1110,1110,3.3,0.4825
1111,1111,3.5,0.51
1112,1112,3.35,0.5025
1113,1113,3.45,0.52
1114,1114,3.85,0.585
1115,1115,3.3,0.505
1116,1116,3.75,0.5575
1117,1117,3.5,0.5275
1118,1118,3.85,0.5675
1119,1119,3.15,0.48
1120,1120,3,0.455
1121,1121,3.5,0.54
1122,1122,3.55,0.5325
1123,1123,3.25,0.49
1124,1124,3.3,0.49
1125,1125,3.2,0.4875
1126,1126,3.55,0.54
1127,1127,3.55,0.545
1128,1128,3.25,0.4875
1129,1129,3.55,0.545
1130,1130,3.05,0.455
1131,1131,3.55,0.5325
1132,1132,3.2,0.4775
1133,1133,3.9,0.5875
1134,1134,3.45,0.4975
1135,1135,2.85,0.44
1136,1136,3.75,0.5575
1137,1137,3.25,0.49
1138,1138,3.05,0.47
1139,1139,3.65,0.5325
1140,1140,3.1,0.4725
1141,1141,3.4,0.5025
1142,1142,3.6,0.5325
1143,1143,3.3,0.4925
1144,1144,3.4,0.5125
1145,1145,3.2,0.47
1146,1146,3.05,0.45
1147,1147,3.05,0.465
1148,1148,3.45,0.525
1149,1149,3.4,0.52
1150,1150,3,0.4675
1151,1151,3.75,0.555
1152,1152,3.7,0.54
1153,1153,3.9,0.575
1154,1154,3.6,0.5325
1155,1155,3.5,0.5325
1156,1156,3.45,0.5125
1157,1157,3.55,0.5275
1158,1158,3.4,0.5125
1159,1159,3.35,0.4975
1160,1160,3.25,0.4825
1161,1161,3.05,0.455
1162,1162,3.3,0.4925
1163,1163,4,0.6
1164,1164,3.5,0.5275
1165,1165,3.15,0.475
1166,1166,3.45,0.5075
1167,1167,3.7,0.545
1168,1168,3.05,0.465
1169,1169,3.3,0.505
1170,1170,3.65,0.535
1171,1171,3.15,0.4775
1172,1172,3.7,0.55
1173,1173,3.85,0.565
1174,1174,3.65,0.5525
1175,1175,3.2,0.4775
1176,1176,3.6,0.5425
1177,1177,3.1,0.47
1178,1178,3.65,0.5475
1179,1179,3.3,0.4975
1180,1180,3.1,0.4725
1181,1181,3.6,0.5425
1182,1182,3.7,0.5525
1183,1183,3.65,0.55
1184,1184,3.3,0.5025
1185,1185,3.75,0.5575
1186,1186,3.8,0.5725
1187,1187,3.4,0.51
1188,1188,3.6,0.5375
1189,1189,3.45,0.525
1190,1190,3.25,0.4975
1191,1191,3.9,0.5725
1192,1192,3.6,0.54
1193,1193,3.5,0.5225
1194,1194,3.5,0.5175
1195,1195,3.65,0.5525
1196,1196,3.6,0.5375
1197,1197,3.45,0.515
1198,1198,3.25,0.48
1199,1199,3.9,0.58
1200,1200,3.6,0.5425
1201,1201,3.5,0.52
1202,1202,3.7,0.555
1203,1203,3.5,0.5175
1204,1204,3.25,0.5025
1205,1205,3.3,0.4975
1206,1206,3.6,0.545
1207,1207,3.35,0.5
1208,1208,3.45,0.5075
1209,1209,3.6,0.5275
1210,1210,2.9,0.4325
1211,1211,3.2,0.485
1212,1212,3.45,0.5175
1213,1213,3.9,0.58
1214,1214,3.65,0.545
1215,1215,3.35,0.5025
1216,1216,3.45,0.525
1217,1217,3.45,0.525
1218,1218,3.3,0.495
1219,1219,3.8,0.5625
1220,1220,3.65,0.555
1221,1221,3.55,0.5275
1222,1222,4.15,0.61
1223,1223,3.7,0.55
1224,1224,3.6,0.54
1225,1225,3.55,0.53
1226,1226,3.2,0.485
1227,1227,3.45,0.5175
1228,1228,3.35,0.505
1229,1229,3.4,0.5075
1230,1230,3.4,0.4925
1231,1231,3.75,0.56
1232,1232,2.95,0.4525
1233,1233,3.6,0.5325
1234,1234,2.75,0.4125
1235,1235,2.95,0.4525
1236,1236,3.8,0.5625
1237,1237,3.6,0.5175
1238,1238,3.3,0.5125
1239,1239,3,0.46
1240,1240,3.65,0.55
1241,1241,3.75,0.5675
1242,1242,3.7,0.5525
1243,1243,3.75,0.55
1244,1244,3.2,0.47
1245,1245,3.6,0.5575
1246,1246,3.45,0.5225
1247,1247,3.65,0.535
1248,1248,3.55,0.5375
1249,1249,3.15,0.4775
1250,1250,3.95,0.595
1251,1251,3.1,0.455
1252,1252,3.4,0.5075
1253,1253,3.7,0.5525
1254,1254,3.75,0.5725
1255,1255,2.8,0.4225
1256,1256,3.3,0.485
1257,1257,3.55,0.5275
1258,1258,3.35,0.5
1259,1259,3.35,0.495
1260,1260,3.05,0.455
1261,1261,3.55,0.54
1262,1262,3.75,0.5725
1263,1263,3.7,0.5475
1264,1264,3.85,0.58
1265,1265,2.75,0.43
1266,1266,3.85,0.5675
1267,1267,3.05,0.4575
1268,1268,2.95,0.4425
1269,1269,3.6,0.545
1270,1270,3.85,0.5625
1271,1271,3.55,0.5275
1272,1272,4,0.6025
1273,1273,3.55,0.525
1274,1274,3.65,0.545
1275,1275,3.55,0.525
1276,1276,3.75,0.565
1277,1277,3.75,0.545
1278,1278,3.7,0.55
1279,1279,3.5,0.5375
1280,1280,3.35,0.5125
1281,1281,3.5,0.5225
1282,1282,3.15,0.4675
1283,1283,3.2,0.4725
1284,1284,3.75,0.5575
1285,1285,2.95,0.445
1286,1286,3.55,0.5175
1287,1287,3.9,0.58
1288,1288,3.85,0.585
1289,1289,3.9,0.59
1290,1290,3.55,0.5225
1291,1291,3.05,0.4675
1292,1292,3.55,0.53
1293,1293,3.75,0.565
1294,1294,3.25,0.4925
1295,1295,3.15,0.4875
1296,1296,3.2,0.48
1297,1297,3.4,0.49
1298,1298,3,0.455
1299,1299,3.25,0.475
1300,1300,3.6,0.5375
1301,1301,3.65,0.54
1302,1302,3.7,0.54
1303,1303,4.25,0.63
1304,1304,3.75,0.5525
1305,1305,3.2,0.4875
1306,1306,3.55,0.5425
1307,1307,2.75,0.4125
1308,1308,3.5,0.525
1309,1309,3.6,0.54
1310,1310,3.85,0.5775
1311,1311,3.55,0.535
1312,1312,3.6,0.5425
1313,1313,3.5,0.5225
1314,1314,3.2,0.4825
1315,1315,3.5,0.5175
1316,1316,3.8,0.5725
1317,1317,3.9,0.5775
1318,1318,3.85,0.5625
1319,1319,3.5,0.5225
1320,1320,3.4,0.5175
1321,1321,3.25,0.49
1322,1322,3.5,0.5375
1323,1323,3.1,0.465
1324,1324,3,0.46
1325,1325,3.45,0.53
1326,1326,2.9,0.445
1327,1327,3.35,0.5075
1328,1328,4,0.59
1329,1329,3.3,0.495
1330,1330,3.6,0.535
1331,1331,3.55,0.525
1332,1332,2.95,0.4525
1333,1333,3.35,0.51
1334,1334,3.4,0.52
1335,1335,3.5,0.5125
1336,1336,3.15,0.4775
1337,1337,3.15,0.475
1338,1338,3.45,0.5025
1339,1339,3.6,0.5425
1340,1340,3.7,0.5575
1341,1341,3.5,0.52
1342,1342,3.75,0.5525
1343,1343,3.9,0.5925
1344,1344,3,0.4475
1345,1345,3.1,0.46
1346,1346,3.85,0.5825
1347,1347,3.4,0.5
1348,1348,3.95,0.5875
1349,1349,3.05,0.4525
1350,1350,3.75,0.56
1351,1351,3.75,0.555
1352,1352,3.6,0.5475
1353,1353,3.35,0.5025
1354,1354,3.6,0.535
1355,1355,3.35,0.5025
1356,1356,3.2,0.495
1357,1357,3.35,0.5075
1358,1358,3.8,0.575
1359,1359,2.9,0.435
1360,1360,3.3,0.49
1361,1361,3.65,0.545
1362,1362,3.75,0.5625
1363,1363,3.1,0.4775
1364,1364,3.7,0.5525
1365,1365,3.7,0.555
1366,1366,3.65,0.545
1367,1367,3.3,0.49
1368,1368,3.85,0.5625
1369,1369,3.35,0.5075
1370,1370,3.35,0.5125
1371,1371,4.05,0.5975
1372,1372,3.15,0.465
1373,1373,4,0.5875
1374,1374,3,0.455
1375,1375,3.5,0.53
1376,1376,3.5,0.5225
1377,1377,3.7,0.55
1378,1378,3.3,0.5
1379,1379,3.15,0.4675
1380,1380,3.4,0.52
1381,1381,3.65,0.555
1382,1382,2.65,0.4125
1383,1383,3.15,0.465
1384,1384,3.45,0.53
1385,1385,3.6,0.5425
1386,1386,3.35,0.5125
1387,1387,3.6,0.53
1388,1388,3.55,0.5175
1389,1389,3,0.445
1390,1390,2.75,0.4225
1391,1391,3,0.4675
1392,1392,4.05,0.6075
1393,1393,3.1,0.4725
1394,1394,3.15,0.4825
1395,1395,3.75,0.545
1396,1396,3.55,0.5275
1397,1397,3.9,0.5775
1398,1398,3.6,0.54
1399,1399,3,0.4525
1400,1400,3.85,0.57
1401,1401,3.4,0.5175
1402,1402,4,0.6025
1403,1403,3.15,0.48
1404,1404,3.3,0.4875
1405,1405,4,0.5975
1406,1406,3.5,0.5225
1407,1407,2.95,0.44
1408,1408,3.05,0.4475
1409,1409,2.8,0.43
1410,1410,4,0.5825
1411,1411,3.45,0.51
1412,1412,3.15,0.4875
1413,1413,3.5,0.525
1414,1414,3.3,0.485
1415,1415,3.5,0.525
1416,1416,3.6,0.54
1417,1417,3.4,0.5125
1418,1418,3.5,0.53
1419,1419,3.4,0.505
1420,1420,3.8,0.575
1421,1421,3.6,0.5375
1422,1422,3.15,0.4725
1423,1423,3.3,0.4925
1424,1424,3.7,0.5475
1425,1425,3.3,0.505
1426,1426,3,0.465
1427,1427,3.55,0.52
1428,1428,3.1,0.4525
1429,1429,3.55,0.53
1430,1430,3.3,0.4925
1431,1431,3.2,0.4825
1432,1432,3.55,0.5175
1433,1433,3.45,0.5225
1434,1434,3,0.46
1435,1435,4.181818182,0.620454545
1436,1436,3.772727273,0.563636364
1437,1437,4.090909091,0.609090909
1438,1438,3.136363636,0.472727273
1439,1439,3.954545455,0.586363636
1440,1440,4.045454545,0.595454545
1441,1441,3.681818182,0.55
1442,1442,4.136363636,0.606818182
1443,1443,3.909090909,0.579545455
1444,1444,3.727272727,0.540909091
1445,1445,3.454545455,0.531818182
1446,1446,3.818181818,0.579545455
1447,1447,3.954545455,0.6
1448,1448,3.045454545,0.452272727
1449,1449,3.045454545,0.459090909
1450,1450,3.909090909,0.581818182
1451,1451,3.636363636,0.547727273
1452,1452,3.636363636,0.543181818
1453,1453,3.409090909,0.518181818
1454,1454,3.227272727,0.490909091
1455,1455,4.090909091,0.611363636
1456,1456,3.863636364,0.563636364
1457,1457,4.045454545,0.602272727
1458,1458,3.772727273,0.559090909
1459,1459,3.772727273,0.570454545
1460,1460,4.272727273,0.634090909
1461,1461,3.136363636,0.463636364
1462,1462,4.318181818,0.65
1463,1463,2.863636364,0.440909091
1464,1464,3.545454545,0.55
1465,1465,3.727272727,0.552272727
1466,1466,3.227272727,0.484090909
1467,1467,3.909090909,0.586363636
1468,1468,3.272727273,0.490909091
1469,1469,3.954545455,0.584090909
1470,1470,4.045454545,0.611363636
1471,1471,3.909090909,0.584090909
1472,1472,3.727272727,0.556818182
1473,1473,4.045454545,0.590909091
1474,1474,3.227272727,0.486363636
1475,1475,3.954545455,0.577272727
1476,1476,3.954545455,0.590909091
1477,1477,3.772727273,0.563636364
1478,1478,3.227272727,0.488636364
1479,1479,3.772727273,0.563636364
1480,1480,4.136363636,0.604545455
1481,1481,4,0.595454545
1482,1482,4.045454545,0.6
1483,1483,4.272727273,0.645454545
1484,1484,4,0.611363636
1485,1485,4.136363636,0.597727273
1486,1486,3.954545455,0.581818182
1487,1487,4.409090909,0.647727273
1488,1488,3.636363636,0.552272727
1489,1489,3.181818182,0.486363636
1490,1490,3.272727273,0.493181818
1491,1491,3.863636364,0.572727273
1492,1492,4,0.586363636
1493,1493,4.090909091,0.618181818
1494,1494,3.954545455,0.595454545
1495,1495,4,0.586363636
1496,1496,4.045454545,0.620454545
1497,1497,3.454545455,0.529545455
1498,1498,3.045454545,0.463636364
1499,1499,3.636363636,0.540909091
1500,1500,4.090909091,0.609090909
1501,1501,3.954545455,0.597727273
1502,1502,4.045454545,0.593181818
1503,1503,3.954545455,0.586363636
1504,1504,3.863636364,0.584090909
1505,1505,4,0.575
1506,1506,4.136363636,0.611363636
1507,1507,4.090909091,0.606818182
1508,1508,3.090909091,0.470454545
1509,1509,3.954545455,0.590909091
1510,1510,4.045454545,0.595454545
1511,1511,4.045454545,0.611363636
1512,1512,3.818181818,0.572727273
1513,1513,3.045454545,0.465909091
1514,1514,3.818181818,0.579545455
1515,1515,3.909090909,0.604545455
1516,1516,3.954545455,0.597727273
1517,1517,4.045454545,0.604545455
1518,1518,3.136363636,0.465909091
1519,1519,4,0.584090909
1520,1520,3.772727273,0.572727273
1521,1521,4,0.588636364
1522,1522,4.227272727,0.631818182
1523,1523,3.863636364,0.581818182
1524,1524,3.954545455,0.586363636
1525,1525,3.863636364,0.575
1526,1526,3.818181818,0.559090909
1527,1527,3.909090909,0.581818182
1528,1528,4.045454545,0.604545455
1529,1529,4.045454545,0.595454545
1530,1530,4.272727273,0.629545455
1531,1531,3.681818182,0.538636364
1532,1532,4.181818182,0.629545455
1533,1533,3.727272727,0.561363636
1534,1534,4,0.586363636
1535,1535,4.090909091,0.595454545
1536,1536,4.181818182,0.615909091
1537,1537,4.045454545,0.606818182
1538,1538,4.136363636,0.613636364
1539,1539,4.181818182,0.625
1540,1540,4.181818182,0.618181818
1541,1541,3.227272727,0.493181818
1542,1542,3.772727273,0.55
1543,1543,3.863636364,0.588636364
1544,1544,3.909090909,0.586363636
1545,1545,3.727272727,0.570454545
1546,1546,4.272727273,0.647727273
1547,1547,4.045454545,0.593181818
1548,1548,3.954545455,0.584090909
1549,1549,3.136363636,0.479545455
1550,1550,4.090909091,0.609090909
1551,1551,3.727272727,0.547727273
1552,1552,3.954545455,0.593181818
1553,1553,3.272727273,0.495454545
1554,1554,3.863636364,0.575
1555,1555,3.863636364,0.577272727
1556,1556,3.818181818,0.568181818
1557,1557,3.136363636,0.475
1558,1558,4.045454545,0.602272727
1559,1559,4,0.604545455
1560,1560,4.045454545,0.590909091
1561,1561,3.954545455,0.584090909
1562,1562,4.090909091,0.613636364
1563,1563,4.227272727,0.618181818
1564,1564,3.818181818,0.570454545
1565,1565,4.045454545,0.604545455
1566,1566,3.909090909,0.579545455
1567,1567,4.272727273,0.640909091
1568,1568,3.772727273,0.563636364
1569,1569,3.863636364,0.577272727
1570,1570,4.045454545,0.604545455
1571,1571,3.863636364,0.579545455
1572,1572,4.045454545,0.595454545
1573,1573,4.090909091,0.6
1574,1574,3.909090909,0.579545455
1575,1575,3.136363636,0.481818182
1576,1576,4.363636364,0.654545455
1577,1577,3.954545455,0.586363636
1578,1578,4.090909091,0.597727273
1579,1579,3.681818182,0.547727273
1580,1580,3.681818182,0.554545455
1581,1581,3.818181818,0.579545455
1582,1582,3.545454545,0.522727273
1583,1583,4.090909091,0.611363636
1584,1584,4.090909091,0.611363636
1585,1585,3.727272727,0.559090909
1586,1586,4.090909091,0.620454545
1587,1587,4.181818182,0.634090909
1588,1588,4.227272727,0.622727273
1589,1589,4.136363636,0.622727273
1590,1590,4,0.590909091
1591,1591,4.090909091,0.627272727
1592,1592,3.818181818,0.577272727
1593,1593,4,0.6
1594,1594,4.136363636,0.609090909
1595,1595,3.772727273,0.563636364
1596,1596,3.954545455,0.593181818
1597,1597,3.181818182,0.465909091
1598,1598,3.954545455,0.588636364
1599,1599,4.045454545,0.615909091
1600,1600,4.136363636,0.611363636
1601,1601,3.727272727,0.563636364
1602,1602,3.863636364,0.577272727
1603,1603,4.136363636,0.609090909
1604,1604,4,0.597727273
1605,1605,3.909090909,0.586363636
1606,1606,3.863636364,0.577272727
1607,1607,3.954545455,0.595454545
1608,1608,3.863636364,0.584090909
1609,1609,3.818181818,0.575
1610,1610,4.136363636,0.615909091
1611,1611,4.090909091,0.611363636
1612,1612,4,0.586363636
1613,1613,4.090909091,0.611363636
1614,1614,3.954545455,0.588636364
1615,1615,3.909090909,0.575
1616,1616,4.045454545,0.611363636
1617,1617,3.727272727,0.556818182
1618,1618,3.818181818,0.570454545
1619,1619,4,0.602272727
1620,1620,3.727272727,0.55
1621,1621,3.363636364,0.513636364
1622,1622,4.181818182,0.618181818
1623,1623,3.090909091,0.459090909
1624,1624,4.181818182,0.613636364
1625,1625,4.090909091,0.618181818
1626,1626,3.954545455,0.593181818
1627,1627,3.363636364,0.515909091
1628,1628,4,0.593181818
1629,1629,4.181818182,0.636363636
1630,1630,3.772727273,0.561363636
1631,1631,3.772727273,0.570454545
1632,1632,4.181818182,0.625
1633,1633,4.181818182,0.627272727
1634,1634,4.045454545,0.6
1635,1635,4.181818182,0.613636364
1636,1636,4.136363636,0.622727273
1637,1637,3.909090909,0.593181818
1638,1638,3.954545455,0.575
1639,1639,4.045454545,0.606818182
1640,1640,4.227272727,0.627272727
1641,1641,3,0.459090909
1642,1642,3.863636364,0.575
1643,1643,4.045454545,0.604545455
1644,1644,4,0.602272727
1645,1645,3.909090909,0.590909091
1646,1646,3.909090909,0.581818182
1647,1647,3.181818182,0.481818182
1648,1648,4.045454545,0.597727273
1649,1649,4.227272727,0.631818182
1650,1650,4,0.595454545
1651,1651,3.818181818,0.577272727
1652,1652,3.409090909,0.504545455
1653,1653,3.681818182,0.559090909
1654,1654,4.090909091,0.606818182
1655,1655,3.954545455,0.597727273
1656,1656,4.181818182,0.618181818
1657,1657,4,0.6
1658,1658,4.318181818,0.643181818
1659,1659,3.090909091,0.459090909
1660,1660,3.681818182,0.561363636
1661,1661,3.954545455,0.581818182
1662,1662,4.181818182,0.629545455
1663,1663,3.681818182,0.55
1664,1664,4,0.586363636
1665,1665,3.909090909,0.586363636
1666,1666,3.818181818,0.570454545
1667,1667,4.227272727,0.631818182
1668,1668,4.227272727,0.625
1669,1669,3.954545455,0.579545455
1670,1670,3.181818182,0.477272727
1671,1671,3.181818182,0.481818182
1672,1672,2.681818182,0.411363636
1673,1673,4,0.584090909
1674,1674,4.045454545,0.6
1675,1675,4.090909091,0.611363636
1676,1676,3.181818182,0.481818182
1677,1677,3.909090909,0.586363636
1678,1678,4.090909091,0.611363636
1679,1679,4.181818182,0.611363636
1680,1680,3.954545455,0.590909091
1681,1681,3.954545455,0.595454545
1682,1682,3.772727273,0.55
1683,1683,3.318181818,0.5
1684,1684,4.090909091,0.611363636
1685,1685,4.136363636,0.618181818
1686,1686,3.272727273,0.5
1687,1687,3.863636364,0.575
1688,1688,4.090909091,0.602272727
1689,1689,3.909090909,0.586363636
1690,1690,3.681818182,0.55
1691,1691,4.272727273,0.638636364
1692,1692,2.954545455,0.443181818
1693,1693,4.045454545,0.606818182
1694,1694,4,0.6
1695,1695,3.772727273,0.561363636
1696,1696,3.909090909,0.577272727
1697,1697,3.954545455,0.584090909
1698,1698,4.045454545,0.618181818
1699,1699,3,0.459090909
1700,1700,3.909090909,0.595454545
1701,1701,4.227272727,0.627272727
1702,1702,4.090909091,0.611363636
1703,1703,3.818181818,0.584090909
1704,1704,4.045454545,0.593181818
1705,1705,4.045454545,0.6
1706,1706,3.818181818,0.561363636
1707,1707,3.227272727,0.490909091
1708,1708,3.772727273,0.559090909
1709,1709,3.954545455,0.602272727
1710,1710,3.818181818,0.570454545
1711,1711,3.818181818,0.570454545
1712,1712,4.272727273,0.631818182
1713,1713,4,0.590909091
1714,1714,3.5,0.527272727
1715,1715,3.954545455,0.593181818
1716,1716,3.954545455,0.586363636
1717,1717,3.954545455,0.595454545
1718,1718,3.772727273,0.545454545
1719,1719,4.090909091,0.613636364
1720,1720,4.045454545,0.6
1721,1721,4.136363636,0.611363636
1722,1722,4,0.604545455
1723,1723,3.727272727,0.55
1724,1724,3.818181818,0.565909091
1725,1725,3.818181818,0.559090909
1726,1726,3.136363636,0.470454545
1727,1727,4.045454545,0.590909091
1728,1728,3.045454545,0.447727273
1729,1729,4.136363636,0.618181818
1730,1730,3.954545455,0.595454545
1731,1731,4.136363636,0.618181818
1732,1732,3.863636364,0.565909091
1733,1733,3.363636364,0.506818182
1734,1734,3.363636364,0.495454545
1735,1735,3.909090909,0.586363636
1736,1736,3.772727273,0.579545455
1737,1737,4.227272727,0.625
1738,1738,4.090909091,0.618181818
1739,1739,4.227272727,0.627272727
1740,1740,4.272727273,0.636363636
1741,1741,4.409090909,0.659090909
1742,1742,3.863636364,0.577272727
1743,1743,3.863636364,0.579545455
1744,1744,4,0.595454545
1745,1745,3.636363636,0.547727273
1746,1746,3.772727273,0.563636364
1747,1747,3.818181818,0.559090909
1748,1748,4.045454545,0.597727273
1749,1749,3.772727273,0.565909091
1750,1750,3.727272727,0.547727273
1751,1751,3.954545455,0.579545455
1752,1752,3.863636364,0.572727273
1753,1753,4.227272727,0.622727273
1754,1754,4.045454545,0.613636364
1755,1755,3.909090909,0.588636364
1756,1756,4.136363636,0.611363636
1757,1757,4,0.602272727
1758,1758,4.090909091,0.609090909
1759,1759,3.590909091,0.545454545
1760,1760,4.045454545,0.595454545
1761,1761,4.045454545,0.611363636
1762,1762,3.772727273,0.561363636
1763,1763,3.909090909,0.579545455
1764,1764,3.818181818,0.575
1765,1765,3.954545455,0.590909091
1766,1766,4.136363636,0.620454545
1767,1767,4.045454545,0.606818182
1768,1768,4.090909091,0.606818182
1769,1769,3.954545455,0.577272727
1770,1770,4.090909091,0.602272727
1771,1771,4.227272727,0.627272727
1772,1772,4.090909091,0.597727273
1773,1773,3.909090909,0.579545455
1774,1774,3.909090909,0.577272727
1775,1775,3.909090909,0.579545455
1776,1776,4,0.597727273
1777,1777,4,0.588636364
1778,1778,4.136363636,0.609090909
1779,1779,3.818181818,0.563636364
1780,1780,3.954545455,0.584090909
1781,1781,3.863636364,0.586363636
1782,1782,4.090909091,0.618181818
1783,1783,4,0.6
1784,1784,4.045454545,0.604545455
1785,1785,3.818181818,0.570454545
1786,1786,4.136363636,0.615909091
1787,1787,3.909090909,0.581818182
1788,1788,2.954545455,0.45
1789,1789,3.590909091,0.527272727
1790,1790,3.863636364,0.568181818
1791,1791,3.954545455,0.584090909
1792,1792,4,0.593181818
1793,1793,3,0.445454545
1794,1794,4,0.6
1795,1795,3.727272727,0.556818182
1796,1796,3.909090909,0.586363636
1797,1797,3.818181818,0.575
1798,1798,4,0.595454545
1799,1799,4.363636364,0.654545455
1800,1800,3.818181818,0.568181818
1801,1801,4.045454545,0.602272727
1802,1802,3.318181818,0.5
1803,1803,3.818181818,0.565909091
1804,1804,3.863636364,0.584090909
1805,1805,3.818181818,0.570454545
1806,1806,4.227272727,0.636363636
1807,1807,4.136363636,0.618181818
1808,1808,3.363636364,0.515909091
1809,1809,2.909090909,0.445454545
1810,1810,3.681818182,0.55
1811,1811,4.136363636,0.620454545
1812,1812,4.090909091,0.595454545
1813,1813,3.636363636,0.545454545
1814,1814,2.772727273,0.415909091
1815,1815,4.227272727,0.613636364
1816,1816,3.863636364,0.579545455
1817,1817,4.181818182,0.615909091
1818,1818,3,0.454545455
1819,1819,3.272727273,0.495454545
1820,1820,3.818181818,0.588636364
1821,1821,4.090909091,0.611363636
1822,1822,4.090909091,0.606818182
1823,1823,4.045454545,0.595454545
1824,1824,4.136363636,0.615909091
1825,1825,3.818181818,0.579545455
1826,1826,4.045454545,0.590909091
1827,1827,3.954545455,0.579545455
1828,1828,4.409090909,0.645454545
1829,1829,4.045454545,0.604545455
1830,1830,4.181818182,0.629545455
1831,1831,3.181818182,0.468181818
1832,1832,3.909090909,0.575
1833,1833,4.090909091,0.595454545
1834,1834,3.863636364,0.588636364
1835,1835,3.863636364,0.590909091
1836,1836,4.181818182,0.606818182
1837,1837,3.863636364,0.577272727
1838,1838,4,0.595454545
1839,1839,3.818181818,0.561363636
1840,1840,4.090909091,0.618181818
1841,1841,4,0.606818182
1842,1842,2.954545455,0.445454545
1843,1843,3.954545455,0.588636364
1844,1844,3.909090909,0.584090909
1845,1845,4,0.597727273
1846,1846,4,0.588636364
1847,1847,4.181818182,0.625
1848,1848,3.818181818,0.572727273
1849,1849,4.227272727,0.627272727
1850,1850,4.181818182,0.625
1851,1851,3.454545455,0.520454545
1852,1852,3.090909091,0.459090909
1853,1853,4.227272727,0.629545455
1854,1854,3.909090909,0.581818182
1855,1855,4.136363636,0.618181818
1856,1856,3.909090909,0.579545455
1857,1857,3.818181818,0.572727273
1858,1858,3.136363636,0.472727273
1859,1859,3.909090909,0.579545455
1860,1860,4.045454545,0.602272727
1861,1861,4.045454545,0.606818182
1862,1862,3.636363636,0.545454545
1863,1863,4.090909091,0.620454545
1864,1864,3.818181818,0.577272727
1865,1865,3.954545455,0.593181818
1866,1866,4.090909091,0.615909091
1867,1867,4.090909091,0.613636364
1868,1868,3.909090909,0.593181818
1869,1869,3.681818182,0.570454545
1870,1870,4.090909091,0.602272727
1871,1871,3,0.481818182
1872,1872,3.863636364,0.575
1873,1873,3.954545455,0.6
1874,1874,4.181818182,0.629545455
1875,1875,4.181818182,0.620454545
1876,1876,3.954545455,0.586363636
1877,1877,4,0.606818182
1878,1878,4.363636364,0.640909091
1879,1879,4.272727273,0.634090909
1880,1880,4,0.602272727
1881,1881,4,0.595454545
1882,1882,3.545454545,0.534090909
1883,1883,3.181818182,0.475
1884,1884,4.363636364,0.638636364
1885,1885,4.227272727,0.629545455
1886,1886,4.136363636,0.611363636
1887,1887,4.090909091,0.609090909
1888,1888,3.954545455,0.579545455
1889,1889,4,0.593181818
1890,1890,3.954545455,0.584090909
1891,1891,4.272727273,0.622727273
1892,1892,3.636363636,0.559090909
1893,1893,4.136363636,0.629545455
1894,1894,4,0.597727273
1895,1895,3.772727273,0.565909091
1896,1896,4.045454545,0.611363636
1897,1897,2.954545455,0.436363636
1898,1898,4.136363636,0.620454545
1899,1899,3.227272727,0.488636364
1900,1900,4.363636364,0.65
1901,1901,3.909090909,0.597727273
1902,1902,3.909090909,0.586363636
1903,1903,3.818181818,0.572727273
1904,1904,3.863636364,0.572727273
1905,1905,3.045454545,0.452272727
1906,1906,3.363636364,0.522727273
1907,1907,4.090909091,0.606818182
1908,1908,3.863636364,0.577272727
1909,1909,4,0.586363636
1910,1910,4.136363636,0.629545455
1911,1911,3.772727273,0.577272727
1912,1912,4.454545455,0.652272727
1913,1913,3.863636364,0.575
1914,1914,4.136363636,0.604545455
1915,1915,4.181818182,0.627272727
1916,1916,3.045454545,0.461363636
1917,1917,3.318181818,0.495454545
1918,1918,3.863636364,0.581818182
1919,1919,3.909090909,0.586363636
1920,1920,4.090909091,0.606818182
1921,1921,3.318181818,0.513636364
1922,1922,4,0.586363636
1923,1923,4.227272727,0.615909091
1924,1924,4.045454545,0.6
1925,1925,3.909090909,0.584090909
1926,1926,3.727272727,0.570454545
1927,1927,3.772727273,0.575
1928,1928,3.954545455,0.595454545
1929,1929,3.954545455,0.597727273
1930,1930,4,0.595454545
1931,1931,3.909090909,0.588636364
1932,1932,4.227272727,0.627272727
1933,1933,3.863636364,0.572727273
1934,1934,3.772727273,0.552272727
1935,1935,4.090909091,0.622727273
1936,1936,4.045454545,0.613636364
1937,1937,4.090909091,0.597727273
1938,1938,3.590909091,0.529545455
1939,1939,4.136363636,0.606818182
1940,1940,3.318181818,0.484090909
1941,1941,3.909090909,0.581818182
1942,1942,4.090909091,0.615909091
1943,1943,3.909090909,0.579545455
1944,1944,3.863636364,0.584090909
1945,1945,4.181818182,0.631818182
1946,1946,3.954545455,0.588636364
1947,1947,4.090909091,0.604545455
1948,1948,4,0.597727273
1949,1949,4.136363636,0.620454545
1950,1950,4.090909091,0.602272727
1951,1951,4.045454545,0.609090909
1952,1952,4.136363636,0.611363636
1953,1953,3.909090909,0.586363636
1954,1954,3.227272727,0.484090909
1955,1955,4.045454545,0.597727273
1956,1956,3.772727273,0.568181818
1957,1957,3,0.456818182
1958,1958,3.909090909,0.586363636
1959,1959,3.590909091,0.545454545
1960,1960,3.909090909,0.6
1961,1961,3.909090909,0.586363636
1962,1962,3.818181818,0.575
1963,1963,4.090909091,0.609090909
1964,1964,2.954545455,0.454545455
1965,1965,4.090909091,0.613636364
1966,1966,3.909090909,0.6
1967,1967,4.272727273,0.638636364
1968,1968,3.909090909,0.575
1969,1969,3.590909091,0.552272727
1970,1970,4.181818182,0.618181818
1971,1971,4.136363636,0.618181818
1972,1972,3.181818182,0.475
1973,1973,4,0.597727273
1974,1974,3.772727273,0.568181818
1975,1975,3.954545455,0.590909091
1976,1976,4.181818182,0.629545455
1977,1977,4.045454545,0.606818182
1978,1978,3.909090909,0.581818182
1979,1979,3.227272727,0.481818182
1980,1980,4.363636364,0.638636364
1981,1981,3.318181818,0.5
1982,1982,4,0.602272727
1983,1983,4,0.6
1984,1984,4.090909091,0.602272727
1985,1985,3.318181818,0.502272727
1986,1986,4,0.6
1987,1987,3.954545455,0.568181818
1988,1988,3.863636364,0.570454545
1989,1989,3.818181818,0.572727273
1990,1990,3.863636364,0.593181818
1991,1991,3.863636364,0.575
1992,1992,3.045454545,0.463636364
1993,1993,4,0.604545455
1994,1994,3.681818182,0.545454545
1995,1995,4.090909091,0.606818182
1996,1996,4.136363636,0.618181818
1997,1997,4,0.588636364
1998,1998,3.863636364,0.572727273
1999,1999,3.909090909,0.577272727
2000,2000,3.954545455,0.586363636
2001,2001,3.863636364,0.579545455
2002,2002,4,0.590909091
2003,2003,4.090909091,0.6
2004,2004,3.863636364,0.579545455
2005,2005,4.090909091,0.606818182
2006,2006,4,0.609090909
2007,2007,3.772727273,0.579545455
2008,2008,4.227272727,0.618181818
2009,2009,4.272727273,0.636363636
2010,2010,3.863636364,0.577272727
2011,2011,4.181818182,0.620454545
2012,2012,3.863636364,0.579545455
2013,2013,4.318181818,0.645454545
2014,2014,4,0.595454545
2015,2015,3.545454545,0.529545455
2016,2016,4.045454545,0.6
2017,2017,3.909090909,0.572727273
2018,2018,3.181818182,0.488636364
2019,2019,3.772727273,0.568181818
2020,2020,3.772727273,0.565909091
2021,2021,4.227272727,0.606818182
2022,2022,3.454545455,0.527272727
2023,2023,3.409090909,0.511363636
2024,2024,4.272727273,0.625
2025,2025,3.045454545,0.468181818
2026,2026,3.772727273,0.556818182
2027,2027,4,0.590909091
2028,2028,3.954545455,0.590909091
2029,2029,4.090909091,0.618181818
2030,2030,3.318181818,0.488636364
2031,2031,4.181818182,0.634090909
2032,2032,4.045454545,0.611363636
2033,2033,4.227272727,0.625
2034,2034,3.727272727,0.556818182
2035,2035,4,0.6
2036,2036,3.25,0.4875
2037,2037,4.333333333,0.645833333
2038,2038,4.583333333,0.6875
2039,2039,4.5,0.670833333
2040,2040,3.25,0.4875
2041,2041,4.5,0.6625
2042,2042,3.166666667,0.458333333
2043,2043,4.5,0.658333333
2044,2044,4.75,0.691666667
2045,2045,4.333333333,0.65
2046,2046,4.416666667,0.6375
2047,2047,4.583333333,0.670833333
2048,2048,3.25,0.491666667
2049,2049,4.333333333,0.658333333
2050,2050,4.666666667,0.7125
2051,2051,2.75,0.404166667
2052,2052,4.833333333,0.7125
2053,2053,3.75,0.570833333
2054,2054,4.583333333,0.683333333
2055,2055,4.5,0.658333333
2056,2056,4.416666667,0.654166667
2057,2057,4.583333333,0.666666667
2058,2058,4.583333333,0.708333333
2059,2059,4.333333333,0.654166667
2060,2060,4.583333333,0.675
2061,2061,3.833333333,0.566666667
2062,2062,3.75,0.566666667
2063,2063,3.166666667,0.470833333
2064,2064,4.666666667,0.679166667
2065,2065,4.333333333,0.629166667
2066,2066,4.5,0.6625
2067,2067,3,0.475
2068,2068,4.583333333,0.670833333
2069,2069,4.416666667,0.654166667
2070,2070,4.666666667,0.691666667
2071,2071,4.416666667,0.645833333
2072,2072,4.416666667,0.666666667
2073,2073,4.583333333,0.6625
2074,2074,4.333333333,0.629166667
2075,2075,4.5,0.679166667
2076,2076,4.416666667,0.65
2077,2077,4.583333333,0.679166667
2078,2078,4.5,0.670833333
2079,2079,4.333333333,0.633333333
2080,2080,3.5,0.525
2081,2081,4.666666667,0.6875
2082,2082,4.5,0.675
2083,2083,3.083333333,0.458333333
2084,2084,2.916666667,0.445833333
2085,2085,3.083333333,0.479166667
2086,2086,4.416666667,0.675
2087,2087,4.583333333,0.675
2088,2088,3.5,0.5375
2089,2089,4.333333333,0.658333333
2090,2090,4.416666667,0.641666667
2091,2091,3.666666667,0.5375
2092,2092,4.583333333,0.666666667
2093,2093,4.5,0.675
2094,2094,3.333333333,0.491666667
2095,2095,3.166666667,0.470833333
2096,2096,3.666666667,0.541666667
2097,2097,4.583333333,0.675
2098,2098,3.25,0.495833333
2099,2099,4.416666667,0.6625
2100,2100,3.5,0.516666667
2101,2101,3.916666667,0.579166667
2102,2102,4.666666667,0.675
2103,2103,4.5,0.670833333
2104,2104,3.166666667,0.479166667
2105,2105,4.5,0.654166667
2106,2106,4.5,0.658333333
2107,2107,4.666666667,0.675
2108,2108,4.5,0.6625
2109,2109,4.833333333,0.720833333
2110,2110,4.5,0.675
2111,2111,4.416666667,0.683333333
2112,2112,3,0.45
2113,2113,4.833333333,0.720833333
2114,2114,3.666666667,0.545833333
2115,2115,4.583333333,0.666666667
2116,2116,4.5,0.654166667
2117,2117,4.583333333,0.7
2118,2118,3.333333333,0.504166667
2119,2119,4.75,0.7125
2120,2120,4.5,0.679166667
2121,2121,4.25,0.6375
2122,2122,3.75,0.554166667
2123,2123,4.75,0.716666667
2124,2124,3.666666667,0.541666667
2125,2125,3.083333333,0.4625
2126,2126,4.5,0.670833333
2127,2127,4.416666667,0.654166667
2128,2128,4.416666667,0.658333333
2129,2129,4.5,0.654166667
2130,2130,4.75,0.704166667
2131,2131,4.166666667,0.633333333
2132,2132,4.583333333,0.6875
2133,2133,3.25,0.495833333
2134,2134,4.416666667,0.654166667
2135,2135,3.583333333,0.529166667
2136,2136,4.5,0.683333333
2137,2137,4.75,0.7125
2138,2138,4.833333333,0.716666667
2139,2139,3.333333333,0.5
2140,2140,3.333333333,0.504166667
2141,2141,3.416666667,0.5
2142,2142,4.416666667,0.645833333
2143,2143,4.583333333,0.683333333
2144,2144,3.166666667,0.4875
2145,2145,4.583333333,0.6875
2146,2146,4.333333333,0.641666667
2147,2147,3.416666667,0.5125
2148,2148,4.416666667,0.6625
2149,2149,4.583333333,0.675
2150,2150,4.5,0.670833333
2151,2151,3.583333333,0.516666667
2152,2152,3.666666667,0.55
2153,2153,4.5,0.691666667
2154,2154,4.333333333,0.625
2155,2155,4.666666667,0.708333333
2156,2156,4.25,0.654166667
2157,2157,4.333333333,0.654166667
2158,2158,4.416666667,0.65
2159,2159,4.583333333,0.675
2160,2160,4.75,0.708333333
2161,2161,4.75,0.7125
2162,2162,4.333333333,0.654166667
2163,2163,4.583333333,0.6875
2164,2164,3.5,0.5125
2165,2165,3.083333333,0.483333333
2166,2166,4.416666667,0.654166667
2167,2167,4.25,0.633333333
2168,2168,4.25,0.625
2169,2169,4.5,0.658333333
2170,2170,3.083333333,0.458333333
2171,2171,3.333333333,0.5125
2172,2172,4.333333333,0.629166667
2173,2173,4.166666667,0.620833333
2174,2174,4.583333333,0.6875
2175,2175,4.5,0.6625
2176,2176,4.25,0.633333333
2177,2177,4.666666667,0.683333333
2178,2178,2.916666667,0.429166667
2179,2179,4.5,0.6625
2180,2180,4.416666667,0.666666667
2181,2181,4.416666667,0.666666667
2182,2182,4.416666667,0.654166667
2183,2183,3.666666667,0.545833333
2184,2184,4.5,0.670833333
2185,2185,3.166666667,0.483333333
2186,2186,4.666666667,0.679166667
2187,2187,4.333333333,0.641666667
2188,2188,3.583333333,0.533333333
2189,2189,4.166666667,0.629166667
2190,2190,4.5,0.679166667
2191,2191,4.75,0.7125
2192,2192,4.333333333,0.633333333
2193,2193,4.666666667,0.7
2194,2194,4.583333333,0.670833333
2195,2195,3.666666667,0.575
2196,2196,4.5,0.675
2197,2197,4.416666667,0.654166667
2198,2198,4.5,0.670833333
2199,2199,4.5,0.6625
2200,2200,4.166666667,0.620833333
2201,2201,3.166666667,0.479166667
2202,2202,4.583333333,0.683333333
2203,2203,4.5,0.666666667
2204,2204,4.583333333,0.683333333
2205,2205,3.25,0.5
2206,2206,4.75,0.695833333
2207,2207,3.25,0.483333333
2208,2208,4.583333333,0.683333333
2209,2209,4.25,0.620833333
2210,2210,3,0.475
2211,2211,4.666666667,0.7
2212,2212,3.416666667,0.504166667
2213,2213,4.416666667,0.658333333
2214,2214,4.416666667,0.645833333
2215,2215,4.583333333,0.679166667
2216,2216,3.583333333,0.575
2217,2217,4.416666667,0.666666667
2218,2218,4.583333333,0.675
2219,2219,4.5,0.666666667
2220,2220,4.416666667,0.658333333
2221,2221,4.416666667,0.65
2222,2222,4.666666667,0.7
2223,2223,4.666666667,0.691666667
2224,2224,4.333333333,0.6375
2225,2225,3.75,0.5625
2226,2226,4.583333333,0.670833333
2227,2227,4.5,0.6625
2228,2228,4.416666667,0.654166667
2229,2229,4.416666667,0.65
2230,2230,4.666666667,0.7
2231,2231,3.75,0.570833333
2232,2232,4.583333333,0.7
2233,2233,4.666666667,0.691666667
2234,2234,4.666666667,0.691666667
2235,2235,4.666666667,0.6875
2236,2236,3.083333333,0.4875
2237,2237,3.333333333,0.504166667
2238,2238,4.5,0.658333333
2239,2239,4.5,0.679166667
2240,2240,4.583333333,0.675
2241,2241,4.333333333,0.633333333
2242,2242,4.5,0.666666667
2243,2243,4.25,0.633333333
2244,2244,4.416666667,0.658333333
2245,2245,2.833333333,0.441666667
2246,2246,4.75,0.695833333
2247,2247,4.5,0.6625
2248,2248,4.416666667,0.654166667
2249,2249,4.416666667,0.666666667
2250,2250,3.166666667,0.466666667
2251,2251,4.666666667,0.670833333
2252,2252,4.5,0.675
2253,2253,4.583333333,0.679166667
2254,2254,3.666666667,0.5375
2255,2255,4.25,0.625
2256,2256,4.75,0.7125
2257,2257,3.25,0.5
2258,2258,4.333333333,0.641666667
2259,2259,4.75,0.695833333
2260,2260,3.25,0.491666667
2261,2261,4.5,0.675
2262,2262,4.583333333,0.683333333
2263,2263,4.416666667,0.641666667
2264,2264,3.666666667,0.545833333
2265,2265,4.5,0.65
2266,2266,4.333333333,0.65
2267,2267,3.5,0.529166667
2268,2268,3.333333333,0.4875
2269,2269,4.583333333,0.675
2270,2270,4.75,0.7
2271,2271,4.583333333,0.6875
2272,2272,4.583333333,0.679166667
2273,2273,4.583333333,0.683333333
2274,2274,4.333333333,0.645833333
2275,2275,4.5,0.666666667
2276,2276,4.583333333,0.679166667
2277,2277,2.916666667,0.441666667
2278,2278,3.333333333,0.491666667
2279,2279,4.416666667,0.675
2280,2280,4.5,0.670833333
2281,2281,4.666666667,0.7
2282,2282,3.25,0.483333333
2283,2283,3.583333333,0.5375
2284,2284,3.166666667,0.475
2285,2285,4.5,0.679166667
2286,2286,3.333333333,0.504166667
2287,2287,4.666666667,0.6875
2288,2288,4.333333333,0.645833333
2289,2289,4.25,0.6375
2290,2290,4.5,0.670833333
2291,2291,3.5,0.529166667
2292,2292,4.416666667,0.658333333
2293,2293,4.833333333,0.720833333
2294,2294,4.416666667,0.654166667
2295,2295,4.75,0.695833333
2296,2296,4.666666667,0.695833333
2297,2297,4.75,0.7125
2298,2298,4.25,0.625
2299,2299,3,0.454166667
2300,2300,4.5,0.670833333
2301,2301,3.333333333,0.479166667
2302,2302,4.25,0.633333333
2303,2303,4.5,0.6875
2304,2304,4.916666667,0.725
2305,2305,3.333333333,0.491666667
2306,2306,4.5,0.654166667
2307,2307,3.416666667,0.520833333
2308,2308,4.5,0.675
2309,2309,3.25,0.4875
2310,2310,4.416666667,0.654166667
2311,2311,4.333333333,0.629166667
2312,2312,4.5,0.666666667
2313,2313,3.166666667,0.466666667
2314,2314,4.583333333,0.683333333
2315,2315,4.416666667,0.654166667
2316,2316,4.583333333,0.679166667
2317,2317,3.083333333,0.458333333
2318,2318,4.416666667,0.641666667
2319,2319,4.333333333,0.641666667
2320,2320,3.166666667,0.470833333
2321,2321,4.583333333,0.6875
2322,2322,4.5,0.658333333
2323,2323,3.166666667,0.4625
2324,2324,4.5,0.683333333
2325,2325,4.666666667,0.708333333
2326,2326,4.833333333,0.691666667
2327,2327,3.333333333,0.508333333
2328,2328,4.5,0.658333333
2329,2329,3.416666667,0.5125
2330,2330,3.25,0.495833333
2331,2331,3.916666667,0.583333333
2332,2332,4.75,0.7
2333,2333,4.5,0.666666667
2334,2334,4.5,0.670833333
2335,2335,4.25,0.633333333
2336,2336,4.25,0.629166667
2337,2337,4.333333333,0.629166667
2338,2338,4.583333333,0.683333333
2339,2339,4.75,0.704166667
2340,2340,3.166666667,0.475
2341,2341,4.5,0.670833333
2342,2342,4.25,0.625
2343,2343,4.416666667,0.675
2344,2344,4.5,0.641666667
2345,2345,4.583333333,0.670833333
2346,2346,4.5,0.658333333
2347,2347,4.333333333,0.641666667
2348,2348,4.75,0.708333333
2349,2349,3.5,0.529166667
2350,2350,4.583333333,0.691666667
2351,2351,4.666666667,0.7
2352,2352,4.5,0.654166667
2353,2353,3.166666667,0.470833333
2354,2354,4.583333333,0.695833333
2355,2355,4.583333333,0.679166667
2356,2356,4.666666667,0.695833333
2357,2357,4.333333333,0.645833333
2358,2358,4.416666667,0.65
2359,2359,4.416666667,0.65
2360,2360,4.5,0.658333333
2361,2361,4.583333333,0.675
2362,2362,4.416666667,0.666666667
2363,2363,4.416666667,0.6375
2364,2364,4.416666667,0.654166667
2365,2365,4.75,0.716666667
2366,2366,4.666666667,0.691666667
2367,2367,4.583333333,0.675
2368,2368,4.666666667,0.675
2369,2369,4.5,0.670833333
2370,2370,3,0.45
2371,2371,4.583333333,0.670833333
2372,2372,4.666666667,0.7
2373,2373,2.916666667,0.445833333
2374,2374,4.583333333,0.675
2375,2375,3.083333333,0.479166667
2376,2376,4.666666667,0.7
2377,2377,4.5,0.666666667
2378,2378,4.416666667,0.6625
2379,2379,4.583333333,0.679166667
2380,2380,4.416666667,0.65
2381,2381,4.5,0.666666667
2382,2382,4.5,0.6625
2383,2383,4.666666667,0.695833333
2384,2384,4.5,0.670833333
2385,2385,4.416666667,0.658333333
2386,2386,4.25,0.645833333
2387,2387,4.416666667,0.654166667
2388,2388,4.416666667,0.645833333
2389,2389,4.583333333,0.691666667
2390,2390,4.666666667,0.691666667
2391,2391,4.75,0.725
2392,2392,4.5,0.658333333
2393,2393,4.583333333,0.666666667
2394,2394,4.583333333,0.683333333
2395,2395,3.083333333,0.45
2396,2396,4.416666667,0.65
2397,2397,4.666666667,0.691666667
2398,2398,4.75,0.704166667
2399,2399,4.5,0.670833333
2400,2400,3.666666667,0.545833333
2401,2401,4.333333333,0.6375
2402,2402,4.583333333,0.683333333
2403,2403,3.583333333,0.525
2404,2404,4.416666667,0.670833333
2405,2405,4.5,0.675
2406,2406,4.333333333,0.658333333
2407,2407,3.333333333,0.504166667
2408,2408,3.25,0.491666667
2409,2409,4.416666667,0.65
2410,2410,4.25,0.625
2411,2411,4.5,0.666666667
2412,2412,4.666666667,0.6875
2413,2413,4.5,0.670833333
2414,2414,3.916666667,0.5875
2415,2415,4.416666667,0.654166667
2416,2416,4.5,0.65
2417,2417,4.666666667,0.675
2418,2418,4.583333333,0.683333333
2419,2419,3.166666667,0.470833333
2420,2420,3.25,0.4875
2421,2421,4.583333333,0.683333333
2422,2422,3.083333333,0.466666667
2423,2423,3.083333333,0.466666667
2424,2424,4.25,0.629166667
2425,2425,3.083333333,0.475
2426,2426,4.5,0.658333333
2427,2427,4.583333333,0.683333333
2428,2428,4.5,0.65
2429,2429,3.5,0.5375
2430,2430,4.75,0.708333333
2431,2431,4.333333333,0.629166667
2432,2432,3.5,0.533333333
2433,2433,3.25,0.495833333
2434,2434,4.666666667,0.683333333
2435,2435,3.083333333,0.475
2436,2436,3.666666667,0.545833333
2437,2437,4.583333333,0.675
2438,2438,4.5,0.670833333
2439,2439,3.833333333,0.579166667
2440,2440,4.333333333,0.645833333
2441,2441,4.666666667,0.7
2442,2442,4.333333333,0.654166667
2443,2443,3.5,0.5125
2444,2444,4.583333333,0.7
2445,2445,4.333333333,0.645833333
2446,2446,3.083333333,0.458333333
2447,2447,3.416666667,0.520833333
2448,2448,3.583333333,0.5375
2449,2449,4.5,0.675
2450,2450,4.5,0.658333333
2451,2451,4.333333333,0.645833333
2452,2452,3.666666667,0.545833333
2453,2453,3.666666667,0.545833333
2454,2454,3.333333333,0.516666667
2455,2455,3.083333333,0.458333333
2456,2456,3.416666667,0.5125
2457,2457,3.583333333,0.545833333
2458,2458,4.416666667,0.654166667
2459,2459,4.583333333,0.6625
2460,2460,4.666666667,0.691666667
2461,2461,3.5,0.520833333
2462,2462,4.333333333,0.633333333
2463,2463,2.916666667,0.45
2464,2464,3,0.4625
2465,2465,4.5,0.65
2466,2466,3.5,0.5125
2467,2467,3.416666667,0.5125
2468,2468,4.333333333,0.65
2469,2469,4.583333333,0.6625
2470,2470,3.083333333,0.466666667
2471,2471,2.916666667,0.45
2472,2472,3.333333333,0.495833333
2473,2473,4.583333333,0.675
2474,2474,4.5,0.666666667
2475,2475,3.583333333,0.529166667
2476,2476,3.5,0.525
2477,2477,4.666666667,0.695833333
2478,2478,3.416666667,0.520833333
2479,2479,4.416666667,0.654166667
2480,2480,4.583333333,0.670833333
2481,2481,4.333333333,0.654166667
2482,2482,4.583333333,0.6875
2483,2483,4.333333333,0.629166667
2484,2484,4.333333333,0.633333333
2485,2485,4.5,0.679166667
2486,2486,4.666666667,0.695833333
2487,2487,4.416666667,0.6375
2488,2488,4.583333333,0.658333333
2489,2489,4.583333333,0.679166667
2490,2490,4.916666667,0.725
2491,2491,4.333333333,0.658333333
2492,2492,3.416666667,0.525
2493,2493,4.666666667,0.691666667
2494,2494,4.666666667,0.6875
2495,2495,4.5,0.658333333
2496,2496,4.5,0.679166667
2497,2497,4.416666667,0.65
2498,2498,4.666666667,0.691666667
2499,2499,4.5,0.675
2500,2500,3.166666667,0.479166667
2501,2501,4.5,0.654166667
2502,2502,4.5,0.675
2503,2503,2.833333333,0.4375
2504,2504,4.416666667,0.654166667
2505,2505,4.666666667,0.6875
2506,2506,3.333333333,0.504166667
2507,2507,4.333333333,0.6375
2508,2508,4.833333333,0.729166667
2509,2509,4.5,0.654166667
2510,2510,4.416666667,0.645833333
2511,2511,4.5,0.6875
2512,2512,4.25,0.629166667
2513,2513,4.166666667,0.620833333
2514,2514,4.5,0.6625
2515,2515,4.333333333,0.641666667
2516,2516,3.333333333,0.5125
2517,2517,4.416666667,0.65
2518,2518,3.583333333,0.529166667
2519,2519,4.583333333,0.675
2520,2520,4.583333333,0.6875
2521,2521,4.666666667,0.6875
2522,2522,4.333333333,0.641666667
2523,2523,4.416666667,0.658333333
2524,2524,3.583333333,0.529166667
2525,2525,4.583333333,0.670833333
2526,2526,3.416666667,0.5125
2527,2527,4.5,0.670833333
2528,2528,4.416666667,0.633333333
2529,2529,3,0.475
2530,2530,4.75,0.695833333
2531,2531,4.666666667,0.7
2532,2532,4.333333333,0.641666667
2533,2533,4.666666667,0.695833333
2534,2534,4.5,0.6625
2535,2535,4.5,0.666666667
2536,2536,3.416666667,0.516666667
2537,2537,2.916666667,0.458333333
2538,2538,2.916666667,0.445833333
2539,2539,4.416666667,0.65
2540,2540,3,0.458333333
2541,2541,4.5,0.666666667
2542,2542,3.166666667,0.491666667
2543,2543,4.416666667,0.654166667
2544,2544,4.666666667,0.691666667
2545,2545,4.5,0.65
2546,2546,3.25,0.483333333
2547,2547,4.583333333,0.683333333
2548,2548,4.5,0.683333333
2549,2549,3.666666667,0.554166667
2550,2550,3.166666667,0.4875
2551,2551,4.5,0.670833333
2552,2552,3.416666667,0.5125
2553,2553,4.583333333,0.679166667
2554,2554,4.416666667,0.6625
2555,2555,4.5,0.6625
2556,2556,4.5,0.666666667
2557,2557,4.666666667,0.679166667
2558,2558,4.333333333,0.641666667
2559,2559,4.5,0.670833333
2560,2560,4.416666667,0.6625
2561,2561,4.333333333,0.633333333
2562,2562,4.666666667,0.7
2563,2563,4.5,0.679166667
2564,2564,3.916666667,0.579166667
2565,2565,4.333333333,0.666666667
2566,2566,3.5,0.508333333
2567,2567,2.916666667,0.445833333
2568,2568,4.416666667,0.6625
2569,2569,3.5,0.541666667
2570,2570,4.5,0.666666667
2571,2571,4.416666667,0.654166667
2572,2572,4.583333333,0.6625
2573,2573,4.25,0.625
2574,2574,4.583333333,0.675
2575,2575,4.5,0.666666667
2576,2576,4.416666667,0.666666667
2577,2577,4.666666667,0.7
2578,2578,3.416666667,0.504166667
2579,2579,4.25,0.629166667
2580,2580,3.25,0.5
2581,2581,3.333333333,0.5
2582,2582,3.25,0.4875
2583,2583,4.333333333,0.666666667
2584,2584,3.166666667,0.470833333
2585,2585,4.416666667,0.645833333
2586,2586,3.5,0.516666667
2587,2587,4.666666667,0.6875
2588,2588,4.583333333,0.675
2589,2589,4.583333333,0.695833333
2590,2590,4.666666667,0.675
2591,2591,4.583333333,0.679166667
2592,2592,4.5,0.658333333
2593,2593,4.333333333,0.641666667
2594,2594,3,0.4375
2595,2595,4.75,0.6875
2596,2596,3.25,0.479166667
2597,2597,4.666666667,0.695833333
2598,2598,3.083333333,0.445833333
2599,2599,3.333333333,0.495833333
2600,2600,4.583333333,0.670833333
2601,2601,3.416666667,0.508333333
2602,2602,4.333333333,0.641666667
2603,2603,4.583333333,0.691666667
2604,2604,4.333333333,0.645833333
2605,2605,4.333333333,0.654166667
2606,2606,3.75,0.55
2607,2607,4.5,0.683333333
2608,2608,4.333333333,0.645833333
2609,2609,4.416666667,0.65
2610,2610,3.166666667,0.483333333
2611,2611,4.5,0.670833333
2612,2612,4.5,0.670833333
2613,2613,4.5,0.670833333
2614,2614,4.583333333,0.675
2615,2615,4.416666667,0.679166667
2616,2616,3.083333333,0.458333333
2617,2617,4.5,0.679166667
2618,2618,3.166666667,0.454166667
2619,2619,3.166666667,0.475
2620,2620,4.416666667,0.658333333
2621,2621,4.666666667,0.683333333
2622,2622,4.75,0.691666667
2623,2623,4.416666667,0.670833333
2624,2624,4.75,0.704166667
2625,2625,4.416666667,0.65
2626,2626,4.5,0.666666667
2627,2627,4.666666667,0.7
2628,2628,4.333333333,0.6375
2629,2629,3.333333333,0.504166667
2630,2630,4.666666667,0.708333333
2631,2631,2.916666667,0.445833333
2632,2632,4.583333333,0.670833333
2633,2633,4.666666667,0.695833333
2634,2634,4.666666667,0.7
2635,2635,4.5,0.658333333
2636,2636,4.333333333,0.65
2637,2637,4.5,0.6625
2638,2638,4.416666667,0.670833333
2639,2639,4.416666667,0.6375
2640,2640,4.416666667,0.666666667
2641,2641,3.5,0.533333333
2642,2642,4.5,0.658333333
2643,2643,3.25,0.4875
2644,2644,4.416666667,0.65
2645,2645,4.333333333,0.641666667
2646,2646,4.416666667,0.641666667
2647,2647,3.583333333,0.529166667
2648,2648,4.333333333,0.654166667
2649,2649,4.416666667,0.645833333
2650,2650,3.333333333,0.516666667
2651,2651,4.583333333,0.666666667
2652,2652,3.25,0.470833333
2653,2653,4.333333333,0.641666667
2654,2654,3,0.454166667
2655,2655,4.333333333,0.6375
2656,2656,3.083333333,0.470833333
2657,2657,4.583333333,0.666666667
2658,2658,4.5,0.675
2659,2659,4.583333333,0.691666667
2660,2660,4.416666667,0.6625
2661,2661,4.666666667,0.6875
2662,2662,4.416666667,0.65
2663,2663,4.5,0.679166667
2664,2664,4.5,0.666666667
2665,2665,4.416666667,0.654166667
2666,2666,3.416666667,0.495833333
2667,2667,4.5,0.666666667
2668,2668,4.333333333,0.654166667
2669,2669,4.5,0.666666667
2670,2670,4.333333333,0.6375
2671,2671,4.5,0.641666667
2672,2672,4.666666667,0.691666667
2673,2673,4.5,0.6625
2674,2674,3.25,0.495833333
2675,2675,4.583333333,0.691666667
2676,2676,3.416666667,0.5125
2677,2677,4.5,0.658333333
2678,2678,4.166666667,0.608333333
2679,2679,4.166666667,0.625
2680,2680,4.416666667,0.658333333
2681,2681,4.333333333,0.629166667
2682,2682,4.666666667,0.7
2683,2683,4.416666667,0.654166667
2684,2684,3.5,0.525
2685,2685,4.333333333,0.658333333
2686,2686,4.416666667,0.654166667
2687,2687,4.5,0.6625
2688,2688,4.583333333,0.691666667
2689,2689,4,0.6
2690,2690,4.416666667,0.65
2691,2691,3.166666667,0.470833333
2692,2692,4.666666667,0.695833333
2693,2693,4.166666667,0.625
2694,2694,4.75,0.704166667
2695,2695,4.583333333,0.691666667
2696,2696,3.583333333,0.5375
2697,2697,4.5,0.6625
2698,2698,4.666666667,0.679166667
2699,2699,4.583333333,0.6875
2700,2700,3.166666667,0.5
2701,2701,4.25,0.620833333
2702,2702,4.416666667,0.6625
2703,2703,4.5,0.679166667
2704,2704,4.5,0.666666667
2705,2705,4.583333333,0.679166667
2706,2706,4.333333333,0.629166667
2707,2707,4.416666667,0.641666667
2708,2708,3.083333333,0.4625
2709,2709,2.666666667,0.404166667
2710,2710,3.5,0.55
2711,2711,3.083333333,0.475
2712,2712,4.833333333,0.716666667
2713,2713,3.666666667,0.55
2714,2714,4.5,0.666666667
2715,2715,4.333333333,0.6375
2716,2716,2.916666667,0.4625
2717,2717,4.416666667,0.666666667
2718,2718,4.666666667,0.6875
2719,2719,3.666666667,0.554166667
2720,2720,4.416666667,0.670833333
2721,2721,4.583333333,0.695833333
2722,2722,4.416666667,0.641666667
2723,2723,4.583333333,0.6875
2724,2724,3.583333333,0.520833333
2725,2725,4.416666667,0.666666667
2726,2726,3.25,0.4875
2727,2727,4.666666667,0.7125
2728,2728,4.416666667,0.6625
2729,2729,3.666666667,0.554166667
2730,2730,4.5,0.679166667
2731,2731,2.916666667,0.445833333
2732,2732,3.25,0.4875
2733,2733,4.333333333,0.654166667
2734,2734,4.5,0.658333333
2735,2735,4.5,0.654166667
2736,2736,4.666666667,0.691666667
2737,2737,4.5,0.683333333
2738,2738,3.416666667,0.5125
2739,2739,4.5,0.679166667
2740,2740,4.25,0.641666667
2741,2741,4.583333333,0.6875
2742,2742,4.75,0.7
2743,2743,4.583333333,0.6875
2744,2744,4.25,0.625
2745,2745,3,0.433333333
2746,2746,4.333333333,0.641666667
2747,2747,4.583333333,0.675
2748,2748,4.666666667,0.708333333
2749,2749,4.416666667,0.633333333
2750,2750,4.5,0.658333333
2751,2751,4.583333333,0.691666667
2752,2752,3.333333333,0.508333333
2753,2753,4.5,0.666666667
2754,2754,4.583333333,0.683333333
2755,2755,3.416666667,0.5125
2756,2756,2.833333333,0.4375
2757,2757,3.083333333,0.45
2758,2758,4.583333333,0.6875
2759,2759,2.75,0.4
2760,2760,3.666666667,0.541666667
2761,2761,3.75,0.554166667
2762,2762,3.25,0.4875
2763,2763,4.5,0.6625
2764,2764,3.166666667,0.483333333
2765,2765,4.416666667,0.654166667
2766,2766,3.083333333,0.483333333
2767,2767,3.166666667,0.475
2768,2768,4.583333333,0.675
2769,2769,4.666666667,0.6875
2770,2770,4.583333333,0.6875
2771,2771,4.416666667,0.654166667
2772,2772,4.416666667,0.666666667
2773,2773,4.583333333,0.6875
2774,2774,4.5,0.6625
2775,2775,4.416666667,0.658333333
2776,2776,4.666666667,0.691666667
2777,2777,4.5,0.670833333
2778,2778,3.833333333,0.570833333
2779,2779,3.583333333,0.533333333
2780,2780,3.166666667,0.479166667
2781,2781,2.833333333,0.4125
2782,2782,4.333333333,0.666666667
2783,2783,4.5,0.65
2784,2784,4.333333333,0.645833333
2785,2785,3.666666667,0.545833333
2786,2786,4.916666667,0.733333333
2787,2787,3.166666667,0.466666667
2788,2788,3.5,0.525
2789,2789,2.916666667,0.4625
2790,2790,4.5,0.6875
2791,2791,4.25,0.629166667
2792,2792,4.333333333,0.6375
2793,2793,3.333333333,0.4875
2794,2794,4.5,0.658333333
2795,2795,4.5,0.6625
2796,2796,4.416666667,0.654166667
2797,2797,4.583333333,0.658333333
2798,2798,4.583333333,0.6875
2799,2799,4.583333333,0.6875
2800,2800,4.166666667,0.6125
2801,2801,4.666666667,0.708333333
2802,2802,4.583333333,0.679166667
2803,2803,4.583333333,0.670833333
2804,2804,4.666666667,0.6875
2805,2805,4.583333333,0.7
2806,2806,4.666666667,0.6875
2807,2807,4.5,0.6625
2808,2808,4.5,0.679166667
2809,2809,4.583333333,0.679166667
2810,2810,4.583333333,0.695833333
2811,2811,4.25,0.633333333
2812,2812,4.5,0.6875
2813,2813,4.583333333,0.675
2814,2814,4.333333333,0.6375
2815,2815,4.333333333,0.629166667
2816,2816,4.583333333,0.675
2817,2817,4.75,0.7
2818,2818,4.416666667,0.645833333
2819,2819,4.5,0.6625
2820,2820,3.666666667,0.5375
2821,2821,3.75,0.570833333
2822,2822,2.833333333,0.429166667
2823,2823,4.333333333,0.641666667
2824,2824,4.666666667,0.6875
2825,2825,4.583333333,0.6875
2826,2826,4.416666667,0.675
2827,2827,4.583333333,0.675
2828,2828,3.166666667,0.479166667
2829,2829,4.5,0.6625
2830,2830,3.25,0.483333333
2831,2831,4.583333333,0.679166667
2832,2832,4.583333333,0.675
2833,2833,3.5,0.520833333
2834,2834,3.583333333,0.5375
2835,2835,4.166666667,0.620833333
2836,2836,3.333333333,0.491666667
2837,2837,4.416666667,0.65
2838,2838,3.416666667,0.504166667
2839,2839,4.583333333,0.670833333
2840,2840,3.25,0.483333333
2841,2841,4.583333333,0.666666667
2842,2842,4.583333333,0.6875
2843,2843,4.75,0.708333333
2844,2844,4.75,0.691666667
2845,2845,3.5,0.529166667
2846,2846,4.5,0.6875
2847,2847,4.583333333,0.7
2848,2848,2.833333333,0.445833333
2849,2849,4.5,0.658333333
2850,2850,4.583333333,0.675
2851,2851,4.333333333,0.654166667
2852,2852,2.833333333,0.45
2853,2853,4.25,0.65
2854,2854,4.5,0.675
2855,2855,4.666666667,0.6875
2856,2856,4.5,0.6875
2857,2857,3.5,0.520833333
2858,2858,4.583333333,0.691666667
2859,2859,4.75,0.683333333
2860,2860,4.416666667,0.65
2861,2861,4.583333333,0.670833333
2862,2862,4.666666667,0.675
2863,2863,4.416666667,0.645833333
2864,2864,3.25,0.491666667
2865,2865,3,0.458333333
2866,2866,4.5,0.670833333
2867,2867,4.5,0.666666667
2868,2868,4.5,0.683333333
2869,2869,4.5,0.675
2870,2870,2.833333333,0.420833333
2871,2871,4.583333333,0.6875
2872,2872,4.666666667,0.695833333
2873,2873,3.416666667,0.495833333
2874,2874,3.666666667,0.55
2875,2875,4.416666667,0.6625
2876,2876,4.25,0.629166667
2877,2877,3.25,0.5
2878,2878,3.166666667,0.495833333
2879,2879,2.75,0.3875
2880,2880,4.666666667,0.683333333
2881,2881,3.25,0.495833333
2882,2882,4.833333333,0.7
2883,2883,4.583333333,0.683333333
2884,2884,4.5,0.679166667
2885,2885,4.5,0.670833333
2886,2886,3.166666667,0.479166667
2887,2887,4.333333333,0.633333333
2888,2888,4.5,0.675
2889,2889,4.5,0.679166667
2890,2890,4.333333333,0.654166667
2891,2891,3.333333333,0.5
2892,2892,3.416666667,0.508333333
2893,2893,4.416666667,0.641666667
2894,2894,4.416666667,0.6375
2895,2895,4.333333333,0.654166667
2896,2896,4.5,0.666666667
2897,2897,4.5,0.654166667
2898,2898,4.416666667,0.670833333
2899,2899,4.583333333,0.683333333
2900,2900,3.083333333,0.454166667
2901,2901,4.083333333,0.5875
2902,2902,3.166666667,0.45
2903,2903,3.333333333,0.504166667
2904,2904,4.333333333,0.6625
2905,2905,3.5,0.504166667
2906,2906,4.666666667,0.679166667
2907,2907,3.333333333,0.504166667
2908,2908,4.25,0.629166667
2909,2909,4.5,0.683333333
2910,2910,4.583333333,0.675
2911,2911,4.583333333,0.679166667
2912,2912,4.166666667,0.616666667
2913,2913,4.75,0.716666667
2914,2914,4.333333333,0.654166667
2915,2915,4.583333333,0.675
2916,2916,4.5,0.6625
2917,2917,4.333333333,0.6375
2918,2918,4.416666667,0.670833333
2919,2919,4.833333333,0.704166667
2920,2920,4.416666667,0.641666667
2921,2921,4.5,0.675
2922,2922,4.5,0.666666667
2923,2923,3.166666667,0.470833333
2924,2924,3.083333333,0.458333333
2925,2925,4.416666667,0.658333333
2926,2926,4.416666667,0.658333333
2927,2927,4.416666667,0.670833333
2928,2928,4.583333333,0.683333333
2929,2929,3.5,0.5125
2930,2930,3.083333333,0.45
2931,2931,4.75,0.7125
2932,2932,4.583333333,0.691666667
2933,2933,4.833333333,0.708333333
2934,2934,4.5,0.670833333
2935,2935,4.333333333,0.658333333
2936,2936,2.75,0.4125
2937,2937,4.5,0.675
2938,2938,3.5,0.520833333
2939,2939,4.75,0.704166667
2940,2940,4.5,0.675
2941,2941,4.5,0.666666667
2942,2942,4.666666667,0.691666667
2943,2943,4.583333333,0.675
2944,2944,4.416666667,0.6375
2945,2945,4.5,0.654166667
2946,2946,4.5,0.6625
2947,2947,3.333333333,0.4875
2948,2948,4.416666667,0.65
2949,2949,3,0.454166667
2950,2950,4.833333333,0.716666667
2951,2951,4.5,0.670833333
2952,2952,4.5,0.6625
2953,2953,3.333333333,0.504166667
2954,2954,4.333333333,0.658333333
2955,2955,4.583333333,0.683333333
2956,2956,4.5,0.679166667
2957,2957,3.583333333,0.529166667
2958,2958,4.416666667,0.65
2959,2959,4.416666667,0.641666667
2960,2960,4.416666667,0.645833333
2961,2961,4.333333333,0.645833333
2962,2962,4.583333333,0.675
2963,2963,4.25,0.625
2964,2964,4.416666667,0.658333333
2965,2965,4.416666667,0.670833333
2966,2966,4.5,0.670833333
2967,2967,3.416666667,0.516666667
2968,2968,4.583333333,0.695833333
2969,2969,3.166666667,0.475
2970,2970,3.583333333,0.525
2971,2971,4.583333333,0.6875
2972,2972,3.166666667,0.491666667
2973,2973,4.5,0.679166667
2974,2974,4.333333333,0.633333333
2975,2975,4.416666667,0.6625
2976,2976,3.25,0.483333333
2977,2977,4.666666667,0.7
2978,2978,4.666666667,0.7
2979,2979,3.25,0.495833333
2980,2980,4.333333333,0.641666667
2981,2981,4.666666667,0.675
2982,2982,3.083333333,0.4625
2983,2983,4.583333333,0.6875
2984,2984,4.5,0.675
2985,2985,4.75,0.7
2986,2986,4.416666667,0.675
2987,2987,4.333333333,0.645833333
2988,2988,4.5,0.670833333
2989,2989,4.666666667,0.695833333
2990,2990,4.666666667,0.691666667