pid,category,brand,color,quality,price
0,Laptop,Apple,silver,0.95,1375
1,Laptop,Apple,grey,0.75,1125
2,Laptop,Apple,starlight,0.95,1275
3,Laptop,Apple,starlight,0.8,1125
4,Laptop,Apple,grey,0.85,1175
5,Laptop,Apple,starlight,0.95,1375
6,Laptop,Apple,grey,0.95,1325
7,Laptop,Apple,silver,0.7,1025
8,Laptop,Apple,silver,0.95,1425
9,Laptop,Apple,grey,0.8,1025
10,Laptop,Apple,starlight,0.85,1175
11,Laptop,Apple,starlight,0.95,1375
12,Laptop,Apple,grey,0.8,1175
13,Laptop,Apple,grey,0.75,1025
14,Laptop,Apple,grey,0.95,1325
15,Laptop,Apple,midnight,0.8,1075
16,Laptop,Apple,starlight,0.75,1025
17,Laptop,Apple,starlight,0.7,975
18,Laptop,Apple,silver,0.8,1175
19,Laptop,Apple,silver,0.85,1225
20,Laptop,Apple,starlight,0.95,1225
21,Laptop,Apple,grey,0.95,1325
22,Laptop,Apple,silver,0.9,1325
23,Laptop,Apple,midnight,0.7,975
24,Laptop,Apple,grey,0.85,1225
25,Laptop,Apple,grey,0.95,1275
26,Laptop,Apple,grey,0.75,1075
27,Laptop,Apple,starlight,0.7,925
28,Laptop,Apple,grey,0.9,1325
29,Laptop,Apple,starlight,0.75,1075
30,Laptop,Apple,starlight,0.7,1025
31,Laptop,Apple,midnight,0.95,1225
32,Laptop,Apple,grey,0.95,1325
33,Laptop,Apple,silver,0.95,1375
34,Laptop,Apple,grey,0.85,1175
35,Laptop,Apple,starlight,0.85,1175
36,Laptop,Apple,starlight,0.75,1025
37,Laptop,Apple,midnight,0.75,1075
38,Laptop,Apple,grey,0.7,1025
39,Laptop,Apple,silver,0.85,1175
40,Laptop,Apple,grey,0.7,1025
41,Laptop,Apple,starlight,0.9,1325
42,Laptop,Apple,midnight,0.9,1175
43,Laptop,Apple,midnight,0.85,1275
44,Laptop,Apple,starlight,0.75,1075
45,Laptop,Apple,midnight,0.85,1175
46,Laptop,Apple,grey,0.9,1275
47,Laptop,Apple,starlight,0.75,1075
48,Laptop,Apple,midnight,0.8,1075
49,Laptop,Apple,starlight,0.75,1075
50,Laptop,Apple,midnight,0.85,1125
51,Laptop,Apple,starlight,0.95,1275
52,Laptop,Apple,midnight,0.7,975
53,Laptop,Apple,starlight,0.95,1425
54,Laptop,Apple,starlight,0.7,975
55,Laptop,Apple,midnight,0.85,1175
56,Laptop,Apple,midnight,0.75,1075
57,Laptop,Apple,starlight,0.8,1125
58,Laptop,Apple,starlight,0.7,925
59,Laptop,Apple,grey,0.8,1075
60,Laptop,Apple,grey,0.75,1025
61,Laptop,Apple,grey,0.95,1275
62,Laptop,Apple,starlight,0.9,1325
63,Laptop,Apple,midnight,0.75,975
64,Laptop,Apple,starlight,0.9,1275
65,Laptop,Apple,midnight,0.85,1175
66,Laptop,Apple,starlight,0.8,1075
67,Laptop,Apple,silver,0.9,1225
68,Laptop,Apple,grey,0.95,1225
69,Laptop,Apple,starlight,0.8,1175
70,Laptop,Apple,starlight,0.8,1025
71,Laptop,Apple,midnight,0.7,925
72,Laptop,Apple,midnight,0.7,1025
73,Laptop,Apple,grey,0.8,1175
74,Laptop,Apple,silver,0.75,1075
75,Laptop,Apple,grey,0.9,1325
76,Laptop,Apple,silver,0.75,1075
77,Laptop,Apple,starlight,0.9,1275
78,Laptop,Apple,midnight,0.7,1025
79,Laptop,Apple,midnight,0.7,925
80,Laptop,Apple,starlight,0.75,1125
81,Laptop,Apple,silver,0.8,1175
82,Laptop,Apple,midnight,0.95,1375
83,Laptop,Apple,grey,0.9,1325
84,Laptop,Apple,midnight,0.95,1425
85,Laptop,Apple,silver,0.85,1225
86,Laptop,Apple,midnight,0.9,1275
87,Laptop,Apple,starlight,0.95,1325
88,Laptop,Apple,starlight,0.85,1125
89,Laptop,Apple,grey,0.8,1175
90,Laptop,Apple,grey,0.95,1375
91,Laptop,Apple,starlight,0.8,1175
92,Laptop,Apple,midnight,0.75,1075
93,Laptop,Apple,silver,0.8,1175
94,Laptop,Apple,silver,0.9,1225
95,Laptop,Apple,starlight,0.95,1275
96,Laptop,Apple,silver,0.9,1325
97,Laptop,Apple,silver,0.95,1275
98,Laptop,Apple,midnight,0.85,1225
99,Laptop,Apple,grey,0.85,1125
100,Laptop,Apple,silver,0.75,1075
101,Laptop,Apple,midnight,0.9,1325
102,Laptop,Apple,starlight,0.85,1225
103,Laptop,Apple,starlight,0.7,925
104,Laptop,Apple,midnight,0.8,1175
105,Laptop,Apple,grey,0.9,1225
106,Laptop,Apple,starlight,0.85,1125
107,Laptop,Apple,grey,0.8,1125
108,Laptop,Apple,midnight,0.7,975
109,Laptop,Apple,silver,0.75,1075
110,Laptop,Apple,starlight,0.75,1025
111,Laptop,Apple,starlight,0.75,1025
112,Laptop,Apple,midnight,0.95,1325
113,Laptop,Apple,starlight,0.9,1325
114,Laptop,Apple,grey,0.8,1075
115,Laptop,Apple,silver,0.8,1125
116,Laptop,Apple,silver,0.85,1125
117,Laptop,Apple,silver,0.85,1125
118,Laptop,Apple,midnight,0.7,1025
119,Laptop,Apple,starlight,0.75,1075
120,Laptop,Apple,silver,0.95,1275
121,Laptop,Apple,midnight,0.75,1075
122,Laptop,Apple,midnight,0.7,975
123,Laptop,Apple,grey,0.8,1125
124,Laptop,Apple,grey,0.7,925
125,Laptop,Apple,silver,0.7,1025
126,Laptop,Apple,silver,0.75,1025
127,Laptop,Apple,grey,0.7,975
128,Laptop,Apple,starlight,0.75,1125
129,Laptop,Apple,grey,0.8,1175
130,Laptop,Apple,starlight,0.75,1075
131,Laptop,Apple,grey,0.8,1075
132,Laptop,Apple,starlight,0.7,925
133,Laptop,Apple,midnight,0.95,1275
134,Laptop,Apple,starlight,0.85,1225
135,Laptop,Apple,starlight,0.8,1175
136,Laptop,Apple,grey,0.75,1075
137,Laptop,Apple,silver,0.95,1425
138,Laptop,Apple,midnight,0.9,1275
139,Laptop,Apple,starlight,0.8,1175
140,Laptop,Apple,starlight,0.9,1275
141,Laptop,Apple,midnight,0.8,1175
142,Laptop,Apple,silver,0.8,1075
143,Laptop,Apple,starlight,0.7,975
144,Laptop,Apple,grey,0.8,1175
145,Laptop,Apple,midnight,0.9,1275
146,Laptop,Apple,midnight,0.95,1325
147,Laptop,Apple,midnight,0.75,1075
148,Laptop,Apple,midnight,0.75,1025
149,Laptop,Apple,starlight,0.8,1175
150,Laptop,Apple,grey,0.85,1125
151,Laptop,Apple,starlight,0.9,1275
152,Laptop,Apple,starlight,0.9,1225
153,Laptop,Apple,midnight,0.85,1225
154,Laptop,Apple,grey,0.75,1025
155,Laptop,Apple,silver,0.85,1225
156,Laptop,Apple,grey,0.8,1125
157,Laptop,Apple,silver,0.9,1225
158,Laptop,Apple,grey,0.7,1025
159,Laptop,Apple,midnight,0.8,1075
160,Laptop,Apple,starlight,0.75,1025
161,Laptop,Apple,midnight,0.7,975
162,Laptop,Apple,grey,0.75,1125
163,Laptop,Apple,grey,0.9,1275
164,Laptop,Apple,starlight,0.8,1175
165,Laptop,Apple,midnight,0.7,1025
166,Laptop,Apple,silver,0.95,1375
167,Laptop,Apple,midnight,0.7,975
168,Laptop,Apple,silver,0.85,1275
169,Laptop,Apple,midnight,0.7,1025
170,Laptop,Apple,starlight,0.8,1075
171,Laptop,Apple,silver,0.7,975
172,Laptop,Apple,grey,0.75,1025
173,Laptop,Apple,midnight,0.75,1025
174,Laptop,Apple,midnight,0.9,1275
175,Laptop,Apple,silver,0.95,1375
176,Laptop,Apple,midnight,0.85,1275
177,Laptop,Apple,silver,0.75,1075
178,Laptop,Apple,silver,0.85,1125
179,Laptop,Apple,starlight,0.9,1325
180,Laptop,Apple,midnight,0.8,1175
181,Laptop,Apple,silver,0.95,1325
182,Laptop,Apple,midnight,0.7,925
183,Laptop,Apple,midnight,0.8,1075
184,Laptop,Apple,starlight,0.75,1125
185,Laptop,Apple,grey,0.95,1375
186,Laptop,Apple,starlight,0.9,1175
187,Laptop,Apple,silver,0.9,1275
188,Laptop,Apple,midnight,0.85,1125
189,Laptop,Apple,grey,0.95,1325
190,Laptop,Apple,grey,0.7,1025
191,Laptop,Apple,grey,0.7,1025
192,Laptop,Apple,starlight,0.85,1175
193,Laptop,Apple,midnight,0.85,1175
194,Laptop,Apple,starlight,0.95,1325
195,Laptop,Apple,silver,0.8,1125
196,Laptop,Apple,grey,0.8,1075
197,Laptop,Apple,grey,0.95,1225
198,Laptop,Apple,starlight,0.75,975
199,Laptop,Apple,starlight,0.7,1025
200,Laptop,Apple,grey,0.95,1375
201,Laptop,Apple,silver,0.8,1025
202,Laptop,Apple,starlight,0.7,1025
203,Laptop,Apple,midnight,0.85,1175
204,Laptop,Apple,grey,0.95,1375
205,Laptop,Apple,starlight,0.8,1175
206,Laptop,Apple,midnight,0.9,1225
207,Laptop,Apple,grey,0.95,1425
208,Laptop,Apple,starlight,0.8,1175
209,Laptop,Apple,silver,0.9,1325
210,Laptop,Apple,midnight,0.7,925
211,Laptop,Apple,starlight,0.7,1025
212,Laptop,Apple,grey,0.95,1325
213,Laptop,Apple,silver,0.85,1175
214,Laptop,Apple,silver,0.8,1075
215,Laptop,Apple,grey,0.95,1275
216,Laptop,Apple,midnight,0.7,975
217,Laptop,Apple,starlight,0.85,1225
218,Laptop,Apple,starlight,0.8,1075
219,Laptop,Apple,silver,0.9,1175
220,Laptop,Apple,grey,0.7,1025
221,Laptop,Apple,starlight,0.75,975
222,Laptop,Apple,midnight,0.95,1375
223,Laptop,Apple,silver,0.75,1025
224,Laptop,Apple,grey,0.95,1425
225,Laptop,Apple,silver,0.85,1225
226,Laptop,Apple,starlight,0.7,1025
227,Laptop,Apple,midnight,0.7,925
228,Laptop,Apple,grey,0.75,1075
229,Laptop,Apple,starlight,0.7,975
230,Laptop,Apple,midnight,0.7,975
231,Laptop,Apple,silver,0.8,1175
232,Laptop,Apple,starlight,0.7,975
233,Laptop,Apple,starlight,0.8,1175
234,Laptop,Apple,starlight,0.7,975
235,Laptop,Apple,grey,0.8,1075
236,Laptop,Apple,midnight,0.75,1025
237,Laptop,Apple,midnight,0.85,1225
238,Laptop,Apple,grey,0.8,1075
239,Laptop,Apple,grey,0.75,1125
240,Laptop,Apple,starlight,0.7,1025
241,Laptop,Apple,starlight,0.75,1025
242,Laptop,Apple,starlight,0.9,1275
243,Laptop,Apple,midnight,0.75,1075
244,Laptop,Apple,midnight,0.7,1025
245,Laptop,Apple,silver,0.85,1225
246,Laptop,Apple,grey,0.85,1125
247,Laptop,Apple,starlight,0.85,1125
248,Laptop,Apple,starlight,0.95,1275
249,Laptop,Apple,midnight,0.7,1025
250,Laptop,Apple,grey,0.75,1025
251,Laptop,Apple,starlight,0.75,1125
252,Laptop,Apple,silver,0.7,975
253,Laptop,Apple,starlight,0.9,1325
254,Laptop,Apple,midnight,0.9,1225
255,Laptop,Apple,silver,0.85,1175
256,Laptop,Apple,starlight,0.85,1225
257,Laptop,Apple,starlight,0.75,1025
258,Laptop,Apple,grey,0.95,1425
259,Laptop,Apple,grey,0.75,1075
260,Laptop,Apple,silver,0.7,925
261,Laptop,Apple,starlight,0.7,925
262,Laptop,Apple,grey,0.95,1275
263,Laptop,Apple,starlight,0.8,1125
264,Laptop,Apple,silver,0.8,1125
265,Laptop,Apple,silver,0.9,1225
266,Laptop,Apple,starlight,0.8,1075
267,Laptop,Apple,silver,0.9,1225
268,Laptop,Apple,silver,0.7,925
269,Laptop,Apple,midnight,0.7,975
270,Laptop,Apple,starlight,0.75,1025
271,Laptop,Apple,grey,0.95,1325
272,Laptop,Apple,starlight,0.9,1225
273,Laptop,Apple,starlight,0.75,975
274,Laptop,Apple,silver,0.85,1225
275,Laptop,Apple,silver,0.8,1175
276,Laptop,Apple,silver,0.7,1025
277,Laptop,Apple,grey,0.8,1175
278,Laptop,Apple,midnight,0.75,1125
279,Laptop,Apple,grey,0.7,925
280,Laptop,Apple,silver,0.8,1175
281,Laptop,Apple,starlight,0.75,1075
282,Laptop,Apple,grey,0.7,1025
283,Laptop,Apple,midnight,0.8,1025
284,Laptop,Apple,midnight,0.8,1025
285,Laptop,Apple,starlight,0.85,1225
286,Laptop,Apple,starlight,0.95,1275
287,Laptop,Apple,midnight,0.85,1125
288,Laptop,Apple,grey,0.9,1275
289,Laptop,Apple,starlight,0.8,1075
290,Laptop,Apple,silver,0.85,1175
291,Laptop,Apple,starlight,0.75,1025
292,Laptop,Apple,midnight,0.95,1325
293,Laptop,Apple,midnight,0.85,1275
294,Laptop,Apple,midnight,0.95,1375
295,Laptop,Apple,midnight,0.85,1125
296,Laptop,Apple,starlight,0.95,1275
297,Laptop,Apple,midnight,0.85,1225
298,Laptop,Apple,midnight,0.9,1275
299,Laptop,Apple,grey,0.95,1275
300,Laptop,Apple,midnight,0.95,1325
301,Laptop,Apple,starlight,0.95,1375
302,Laptop,Apple,starlight,0.75,1025
303,Laptop,Apple,starlight,0.7,975
304,Laptop,Apple,silver,0.75,1075
305,Laptop,Apple,midnight,0.9,1225
306,Laptop,Apple,starlight,0.85,1225
307,Laptop,Apple,silver,0.85,1225
308,Laptop,Apple,silver,0.8,1025
309,Laptop,Apple,starlight,0.9,1325
310,Laptop,Apple,silver,0.9,1175
311,Laptop,Apple,grey,0.9,1275
312,Laptop,Apple,silver,0.8,1075
313,Laptop,Apple,grey,0.9,1325
314,Laptop,Apple,silver,0.85,1275
315,Laptop,Apple,silver,0.8,1175
316,Laptop,Apple,midnight,0.8,1175
317,Laptop,Apple,grey,0.95,1275
318,Laptop,Apple,midnight,0.95,1325
319,Laptop,Apple,grey,0.95,1425
320,Laptop,Apple,grey,0.85,1225
321,Laptop,Asus,grey,0.9,675
322,Laptop,Asus,black,0.45,325
323,Laptop,Asus,grey,0.95,875
324,Laptop,Asus,grey,0.5,325
325,Laptop,Asus,black,0.4,425
326,Laptop,Asus,grey,0.45,475
327,Laptop,Asus,grey,0.6,425
328,Laptop,Asus,black,0.8,625
329,Laptop,Asus,grey,0.6,575
330,Laptop,Asus,black,0.65,725
331,Laptop,Asus,grey,0.45,425
332,Laptop,Asus,black,0.6,675
333,Laptop,Asus,grey,0.65,625
334,Laptop,Asus,black,0.45,325
335,Laptop,Asus,black,0.65,625
336,Laptop,Asus,black,0.5,475
337,Laptop,Asus,grey,0.75,575
338,Laptop,Asus,black,0.85,775
339,Laptop,Asus,grey,0.5,525
340,Laptop,Asus,black,0.9,975
341,Laptop,Asus,black,0.9,875
342,Laptop,Asus,grey,0.4,425
343,Laptop,Asus,black,0.8,825
344,Laptop,Asus,black,0.95,625
345,Laptop,Asus,grey,0.85,925
346,Laptop,Asus,grey,0.45,275
347,Laptop,Asus,black,0.75,525
348,Laptop,Asus,grey,0.9,975
349,Laptop,Asus,black,0.85,825
350,Laptop,Asus,grey,0.45,375
351,Laptop,Asus,black,0.5,425
352,Laptop,Asus,black,0.65,475
353,Laptop,Asus,black,0.5,525
354,Laptop,Asus,grey,0.7,475
355,Laptop,Asus,black,0.6,575
356,Laptop,Asus,black,0.85,825
357,Laptop,Asus,black,0.6,525
358,Laptop,Asus,grey,0.4,225
359,Laptop,Asus,black,0.45,325
360,Laptop,Asus,grey,0.4,325
361,Laptop,Asus,grey,0.65,475
362,Laptop,Asus,black,0.65,525
363,Laptop,Asus,grey,0.9,975
364,Laptop,Asus,black,0.95,875
365,Laptop,Asus,black,0.85,625
366,Laptop,Asus,black,0.55,575
367,Laptop,Asus,grey,0.5,375
368,Laptop,Asus,grey,0.7,775
369,Laptop,Asus,grey,0.75,675
370,Laptop,Asus,black,0.7,425
371,Laptop,Asus,black,0.6,625
372,Laptop,Asus,grey,0.45,425
373,Laptop,Asus,grey,0.95,625
374,Laptop,Asus,black,0.8,775
375,Laptop,Asus,black,0.7,675
376,Laptop,Asus,black,0.55,375
377,Laptop,Asus,black,0.95,975
378,Laptop,Asus,black,0.8,625
379,Laptop,Asus,black,0.45,275
380,Laptop,Asus,grey,0.5,525
381,Laptop,Asus,black,0.45,375
382,Laptop,Asus,black,0.7,575
383,Laptop,Asus,grey,0.45,475
384,Laptop,Asus,black,0.8,675
385,Laptop,Asus,black,0.85,825
386,Laptop,Asus,black,0.45,325
387,Laptop,Asus,grey,0.7,525
388,Laptop,Asus,black,0.4,425
389,Laptop,Asus,grey,0.4,375
390,Laptop,Asus,grey,0.45,325
391,Laptop,Asus,black,0.45,375
392,Laptop,Asus,grey,0.65,625
393,Laptop,Asus,grey,0.95,575
394,Laptop,Asus,black,0.4,425
395,Laptop,Asus,grey,0.65,675
396,Laptop,Asus,black,0.4,325
397,Laptop,Asus,grey,0.85,625
398,Laptop,Asus,black,0.55,375
399,Laptop,Asus,black,0.75,525
400,Laptop,Asus,black,0.55,575
401,Laptop,Asus,black,0.75,575
402,Laptop,Asus,grey,0.8,825
403,Laptop,Asus,black,0.75,475
404,Laptop,Asus,grey,0.85,875
405,Laptop,Asus,grey,0.55,375
406,Laptop,Asus,grey,0.4,425
407,Laptop,Asus,grey,0.85,925
408,Laptop,Asus,grey,0.65,675
409,Laptop,Asus,grey,0.5,325
410,Laptop,Asus,black,0.65,375
411,Laptop,Asus,grey,0.9,975
412,Laptop,Asus,grey,0.6,575
413,Laptop,Asus,black,0.9,825
414,Laptop,Asus,grey,0.65,675
415,Laptop,Asus,grey,0.65,425
416,Laptop,Asus,black,0.95,675
417,Laptop,Asus,grey,0.55,375
418,Laptop,Asus,grey,0.4,325
419,Laptop,Asus,black,0.6,475
420,Laptop,Asus,grey,0.4,225
421,Laptop,Asus,black,0.4,275
422,Laptop,Asus,grey,0.85,875
423,Laptop,Asus,black,0.6,525
424,Laptop,Asus,black,0.8,775
425,Laptop,Asus,black,0.4,275
426,Laptop,Asus,black,0.5,425
427,Laptop,Asus,grey,0.65,525
428,Laptop,Asus,grey,0.6,575
429,Laptop,Asus,grey,0.55,525
430,Laptop,Asus,black,0.65,675
431,Laptop,Asus,black,0.9,775
432,Laptop,Asus,grey,0.85,625
433,Laptop,Asus,grey,0.85,625
434,Laptop,Asus,black,0.9,875
435,Laptop,Asus,black,0.9,925
436,Laptop,Asus,grey,0.8,825
437,Laptop,Asus,grey,0.55,575
438,Laptop,Asus,grey,0.85,875
439,Laptop,Asus,black,0.4,375
440,Laptop,Asus,black,0.6,475
441,Laptop,Asus,black,0.95,675
442,Laptop,Asus,black,0.95,675
443,Laptop,Asus,grey,0.5,525
444,Laptop,Asus,black,0.75,725
445,Laptop,Asus,black,0.75,475
446,Laptop,Asus,black,0.8,525
447,Laptop,Asus,grey,0.8,575
448,Laptop,Asus,black,0.95,625
449,Laptop,Asus,grey,0.9,725
450,Laptop,Asus,black,0.8,825
451,Laptop,Asus,grey,0.5,325
452,Laptop,Asus,grey,0.85,725
453,Laptop,Asus,grey,0.6,675
454,Laptop,Asus,grey,0.75,475
455,Laptop,Asus,black,0.75,475
456,Laptop,Asus,black,0.8,625
457,Laptop,Asus,black,0.9,725
458,Laptop,Asus,black,0.85,525
459,Laptop,Asus,grey,0.4,375
460,Laptop,Asus,grey,0.55,375
461,Laptop,Asus,grey,0.5,425
462,Laptop,Asus,grey,0.7,475
463,Laptop,Asus,black,0.5,375
464,Laptop,Asus,black,0.6,625
465,Laptop,Asus,black,0.6,425
466,Laptop,Asus,black,0.7,425
467,Laptop,Asus,black,0.9,675
468,Laptop,Asus,black,0.95,725
469,Laptop,Asus,black,0.9,775
470,Laptop,Asus,black,0.6,425
471,Laptop,Asus,grey,0.45,375
472,Laptop,Asus,grey,0.65,425
473,Laptop,Asus,grey,0.9,975
474,Laptop,Asus,black,0.7,475
475,Laptop,Asus,black,0.45,375
476,Laptop,Asus,grey,0.4,375
477,Laptop,Asus,grey,0.65,525
478,Laptop,Asus,black,0.95,825
479,Laptop,Asus,grey,0.4,275
480,Laptop,Asus,black,0.5,475
481,Laptop,Asus,black,0.8,525
482,Laptop,Asus,grey,0.75,675
483,Laptop,Asus,grey,0.45,475
484,Laptop,Asus,grey,0.45,475
485,Laptop,Asus,grey,0.85,875
486,Laptop,Asus,black,0.95,625
487,Laptop,Asus,black,0.65,675
488,Laptop,Asus,grey,0.45,475
489,Laptop,Asus,black,0.4,225
490,Laptop,Asus,black,0.95,725
491,Laptop,Asus,grey,0.85,825
492,Laptop,Asus,grey,0.95,625
493,Laptop,Asus,grey,0.9,575
494,Laptop,Asus,black,0.6,475
495,Laptop,Asus,black,0.75,575
496,Laptop,Asus,grey,0.6,525
497,Laptop,Asus,black,0.5,425
498,Laptop,Asus,black,0.7,525
499,Laptop,Asus,grey,0.95,775
500,Laptop,Asus,black,0.55,575
501,Laptop,Asus,black,0.5,525
502,Laptop,Asus,grey,0.5,525
503,Laptop,Asus,grey,0.9,875
504,Laptop,Asus,black,0.95,725
505,Laptop,Asus,grey,0.75,675
506,Laptop,Asus,grey,0.65,475
507,Laptop,Asus,black,0.7,775
508,Laptop,Asus,grey,0.55,575
509,Laptop,Asus,grey,0.4,225
510,Laptop,Asus,grey,0.6,425
511,Laptop,Asus,black,0.4,275
512,Laptop,Asus,black,0.95,975
513,Laptop,Asus,black,0.65,575
514,Laptop,Asus,black,0.65,525
515,Laptop,Asus,grey,0.55,525
516,Laptop,Asus,grey,0.9,525
517,Laptop,Asus,black,0.9,975
518,Laptop,Asus,black,0.95,975
519,Laptop,Asus,grey,0.65,625
520,Laptop,Asus,grey,0.9,875
521,Laptop,Asus,grey,0.75,575
522,Laptop,Asus,grey,0.8,575
523,Laptop,Asus,black,0.65,675
524,Laptop,Asus,black,0.65,625
525,Laptop,Asus,black,0.85,725
526,Laptop,Asus,grey,0.75,525
527,Laptop,Asus,grey,0.8,825
528,Laptop,Asus,grey,0.8,825
529,Laptop,Asus,black,0.4,375
530,Laptop,Asus,black,0.7,675
531,Laptop,Asus,black,0.8,525
532,Laptop,Asus,grey,0.4,275
533,Laptop,Asus,grey,0.55,525
534,Laptop,Asus,black,0.9,775
535,Laptop,Asus,black,0.45,325
536,Laptop,Asus,black,0.5,475
537,Laptop,Asus,grey,0.5,475
538,Laptop,Asus,grey,0.95,725
539,Laptop,Asus,grey,0.4,375
540,Laptop,Asus,black,0.85,825
541,Laptop,Asus,black,0.5,375
542,Laptop,Asus,grey,0.5,425
543,Laptop,Asus,black,0.4,325
544,Laptop,Asus,grey,0.55,475
545,Laptop,Asus,black,0.6,475
546,Laptop,Asus,black,0.6,375
547,Laptop,Asus,black,0.9,775
548,Laptop,Asus,black,0.75,625
549,Laptop,Asus,grey,0.9,675
550,Laptop,Asus,grey,0.75,575
551,Laptop,Asus,grey,0.75,775
552,Laptop,Asus,black,0.75,475
553,Laptop,Asus,black,0.8,725
554,Laptop,Asus,grey,0.4,375
555,Laptop,Asus,grey,0.6,375
556,Laptop,Asus,black,0.45,275
557,Laptop,Asus,grey,0.6,625
558,Laptop,Asus,black,0.45,275
559,Laptop,Asus,black,0.5,325
560,Laptop,Asus,grey,0.7,675
561,Laptop,Asus,black,0.7,425
562,Laptop,Asus,grey,0.45,425
563,Laptop,Asus,grey,0.4,275
564,Laptop,Asus,black,0.8,875
565,Laptop,Asus,black,0.6,525
566,Laptop,Asus,black,0.4,275
567,Laptop,Asus,black,0.45,475
568,Laptop,Asus,black,0.65,675
569,Laptop,Asus,black,0.85,875
570,Laptop,Asus,black,0.55,375
571,Laptop,Asus,grey,0.9,675
572,Laptop,Asus,black,0.95,625
573,Laptop,Asus,grey,0.65,725
574,Laptop,Asus,grey,0.6,375
575,Laptop,Asus,grey,0.95,925
576,Laptop,Asus,black,0.75,475
577,Laptop,Asus,black,0.75,775
578,Laptop,Vaio,black,0.85,525
579,Laptop,Vaio,black,0.55,425
580,Laptop,Vaio,black,0.4,225
581,Laptop,Vaio,grey,0.7,675
582,Laptop,Vaio,black,0.55,475
583,Laptop,Vaio,grey,0.5,375
584,Laptop,Vaio,black,0.95,575
585,Laptop,Vaio,grey,0.85,975
586,Laptop,Vaio,grey,0.95,675
587,Laptop,Vaio,black,0.8,625
588,Laptop,Vaio,grey,0.45,625
589,Laptop,Vaio,grey,0.45,375
590,Laptop,Vaio,grey,0.55,625
591,Laptop,Vaio,grey,0.9,975
592,Laptop,Vaio,grey,0.45,625
593,Laptop,Vaio,black,0.6,625
594,Laptop,Vaio,black,0.75,675
595,Laptop,Vaio,black,0.4,525
596,Laptop,Vaio,grey,0.45,525
597,Laptop,Vaio,black,0.9,1025
598,Laptop,Vaio,grey,0.45,575
599,Laptop,Vaio,black,0.7,975
600,Laptop,Vaio,black,0.9,725
601,Laptop,Vaio,black,0.95,675
602,Laptop,Vaio,black,0.95,875
603,Laptop,Vaio,grey,0.4,475
604,Laptop,Vaio,grey,0.5,625
605,Laptop,Vaio,black,0.7,725
606,Laptop,Vaio,grey,0.4,525
607,Laptop,Vaio,grey,0.65,725
608,Laptop,Vaio,black,0.75,825
609,Laptop,Vaio,black,0.75,875
610,Laptop,Vaio,black,0.6,525
611,Laptop,Vaio,grey,0.65,475
612,Laptop,Vaio,grey,0.95,1325
613,Laptop,Vaio,black,0.7,875
614,Laptop,Vaio,black,0.85,1025
615,Laptop,Vaio,black,0.4,425
616,Laptop,Vaio,grey,0.7,725
617,Laptop,Vaio,grey,0.6,775
618,Laptop,Vaio,black,0.75,725
619,Laptop,Vaio,grey,0.95,575
620,Laptop,Vaio,black,0.55,675
621,Laptop,Vaio,grey,0.45,425
622,Laptop,Vaio,grey,0.8,1025
623,Laptop,Vaio,black,0.5,525
624,Laptop,Vaio,grey,0.85,925
625,Laptop,Vaio,black,0.8,575
626,Laptop,Vaio,grey,0.8,925
627,Laptop,Vaio,grey,0.65,625
628,Laptop,Vaio,grey,0.4,225
629,Laptop,Vaio,grey,0.9,625
630,Laptop,Vaio,black,0.95,775
631,Laptop,Vaio,grey,0.45,575
632,Laptop,Vaio,grey,0.75,575
633,Laptop,Vaio,grey,0.75,625
634,Laptop,Vaio,black,0.75,925
635,Laptop,Vaio,black,0.45,575
636,Laptop,Vaio,grey,0.95,1025
637,Laptop,Vaio,black,0.7,725
638,Laptop,Vaio,grey,0.85,625
639,Laptop,Vaio,black,0.6,625
640,Laptop,Vaio,grey,0.45,375
641,Laptop,Vaio,black,0.45,525
642,Laptop,Vaio,black,0.75,725
643,Laptop,Vaio,black,0.45,575
644,Laptop,Vaio,black,0.5,425
645,Laptop,Vaio,black,0.75,925
646,Laptop,Vaio,black,0.55,625
647,Laptop,Vaio,black,0.65,625
648,Laptop,Vaio,grey,0.65,775
649,Laptop,Vaio,grey,0.4,325
650,Laptop,Vaio,grey,0.5,675
651,Laptop,Vaio,black,0.8,975
652,Laptop,Vaio,black,0.6,725
653,Laptop,Vaio,black,0.55,575
654,Laptop,Vaio,grey,0.6,625
655,Laptop,Vaio,grey,0.7,625
656,Laptop,Vaio,black,0.4,425
657,Laptop,Vaio,black,0.55,675
658,Laptop,Vaio,grey,0.5,575
659,Laptop,Vaio,grey,0.45,475
660,Laptop,Vaio,grey,0.95,1025
661,Laptop,Vaio,grey,0.8,1125
662,Laptop,Vaio,grey,0.55,725
663,Laptop,Vaio,black,0.4,425
664,Laptop,Vaio,grey,0.85,1125
665,Laptop,Vaio,grey,0.65,825
666,Laptop,Vaio,black,0.75,675
667,Laptop,Vaio,black,0.75,625
668,Laptop,Vaio,grey,0.6,725
669,Laptop,Vaio,grey,0.8,975
670,Laptop,Vaio,grey,0.85,1075
671,Laptop,Vaio,black,0.55,575
672,Laptop,Vaio,black,0.55,625
673,Laptop,Vaio,grey,0.6,375
674,Laptop,Vaio,grey,0.55,575
675,Laptop,Vaio,black,0.55,475
676,Laptop,Vaio,grey,0.9,875
677,Laptop,Vaio,grey,0.9,1125
678,Laptop,Vaio,grey,0.45,475
679,Laptop,Vaio,grey,0.45,425
680,Laptop,Vaio,grey,0.45,275
681,Laptop,Vaio,grey,0.8,775
682,Laptop,Vaio,black,0.7,425
683,Laptop,Vaio,black,0.95,975
684,Laptop,Vaio,grey,0.45,475
685,Laptop,Vaio,grey,0.5,375
686,Laptop,Vaio,grey,0.65,525
687,Laptop,Vaio,grey,0.55,475
688,Laptop,Vaio,black,0.5,675
689,Laptop,Vaio,grey,0.4,425
690,Laptop,Vaio,black,0.5,325
691,Laptop,Vaio,black,0.8,525
692,Laptop,Vaio,grey,0.4,275
693,Laptop,Vaio,grey,0.55,475
694,Laptop,Vaio,grey,0.7,525
695,Laptop,Vaio,black,0.8,675
696,Laptop,Vaio,black,0.45,325
697,Laptop,Vaio,grey,0.55,475
698,Laptop,Vaio,black,0.8,925
699,Laptop,Vaio,grey,0.7,525
700,Laptop,Vaio,grey,0.65,475
701,Laptop,Vaio,black,0.45,275
702,Laptop,Vaio,grey,0.55,375
703,Laptop,Vaio,grey,0.95,1175
704,Laptop,Vaio,grey,0.45,475
705,Laptop,Vaio,black,0.7,825
706,Laptop,Vaio,grey,0.5,675
707,Laptop,Vaio,grey,0.7,625
708,Laptop,Vaio,grey,0.4,225
709,Laptop,Vaio,black,0.6,725
710,Laptop,Vaio,grey,0.45,625
711,Laptop,Vaio,grey,0.8,625
712,Laptop,Vaio,grey,0.95,1175
713,Laptop,Vaio,black,0.8,1125
714,Laptop,Vaio,black,0.95,1225
715,Laptop,Vaio,grey,0.6,525
716,Laptop,Vaio,black,0.55,475
717,Laptop,Vaio,black,0.45,525
718,Laptop,Vaio,grey,0.9,1175
719,Laptop,Vaio,grey,0.65,625
720,Laptop,Vaio,black,0.7,975
721,Laptop,Vaio,grey,0.75,525
722,Laptop,Vaio,grey,0.95,1175
723,Laptop,Vaio,grey,0.45,525
724,Laptop,Vaio,grey,0.4,525
725,Laptop,Vaio,black,0.65,825
726,Laptop,Vaio,grey,0.75,825
727,Laptop,Vaio,black,0.8,825
728,Laptop,Vaio,grey,0.8,1025
729,Laptop,Vaio,black,0.65,475
730,Laptop,Vaio,black,0.65,625
731,Laptop,Vaio,grey,0.6,475
732,Laptop,Vaio,black,0.5,625
733,Laptop,Vaio,black,0.95,1025
734,Laptop,Vaio,grey,0.6,525
735,Laptop,Vaio,grey,0.6,425
736,Laptop,Vaio,black,0.7,825
737,Laptop,Vaio,grey,0.85,1075
738,Laptop,Vaio,grey,0.85,625
739,Laptop,Vaio,black,0.55,575
740,Laptop,Vaio,grey,0.6,575
741,Laptop,Vaio,black,0.65,525
742,Laptop,Vaio,grey,0.4,425
743,Laptop,Vaio,black,0.95,1025
744,Laptop,Vaio,grey,0.4,525
745,Laptop,Vaio,black,0.75,625
746,Laptop,Vaio,black,0.5,475
747,Laptop,Vaio,grey,0.85,875
748,Laptop,Vaio,black,0.55,375
749,Laptop,Vaio,grey,0.8,675
750,Laptop,Vaio,black,0.6,525
751,Laptop,Vaio,black,0.45,525
752,Laptop,Vaio,grey,0.85,875
753,Laptop,Vaio,grey,0.9,775
754,Laptop,Vaio,black,0.85,525
755,Laptop,Vaio,black,0.4,325
756,Laptop,Vaio,black,0.4,225
757,Laptop,Vaio,grey,0.7,675
758,Laptop,Vaio,black,0.65,675
759,Laptop,Vaio,black,0.45,275
760,Laptop,Vaio,grey,0.75,725
761,Laptop,Vaio,grey,0.8,875
762,Laptop,Vaio,black,0.8,975
763,Laptop,Vaio,black,0.85,575
764,Laptop,Vaio,black,0.45,325
765,Laptop,Vaio,black,0.6,575
766,Laptop,Vaio,black,0.45,325
767,Laptop,Vaio,black,0.55,475
768,Laptop,Vaio,black,0.45,475
769,Laptop,Vaio,black,0.65,875
770,Laptop,Vaio,grey,0.5,625
771,Laptop,Vaio,grey,0.45,475
772,Laptop,Vaio,grey,0.65,875
773,Laptop,Vaio,grey,0.8,975
774,Laptop,Vaio,black,0.5,375
775,Laptop,Vaio,grey,0.85,825
776,Laptop,Vaio,grey,0.45,275
777,Laptop,Vaio,black,0.45,475
778,Laptop,Vaio,black,0.65,575
779,Laptop,Vaio,grey,0.8,1075
780,Laptop,Vaio,grey,0.85,775
781,Laptop,Vaio,grey,0.7,925
782,Laptop,Vaio,grey,0.9,775
783,Laptop,Vaio,grey,0.45,475
784,Laptop,Vaio,black,0.85,625
785,Laptop,Vaio,black,0.65,825
786,Laptop,Vaio,grey,0.9,1025
787,Laptop,Vaio,black,0.95,1125
788,Laptop,Vaio,grey,0.45,475
789,Laptop,Vaio,black,0.85,625
790,Laptop,Vaio,black,0.85,525
791,Laptop,Vaio,black,0.45,625
792,Laptop,Vaio,black,0.45,425
793,Laptop,Vaio,black,0.45,425
794,Laptop,Vaio,grey,0.65,575
795,Laptop,Vaio,grey,0.55,575
796,Laptop,Vaio,black,0.5,425
797,Laptop,Vaio,black,0.4,575
798,Laptop,Vaio,grey,0.9,625
799,Laptop,Vaio,grey,0.7,825
800,Laptop,Vaio,black,0.55,475
801,Laptop,Vaio,grey,0.5,425
802,Laptop,Vaio,black,0.85,825
803,Laptop,Vaio,grey,0.4,325
804,Laptop,Vaio,black,0.7,675
805,Laptop,Vaio,black,0.45,475
806,Laptop,Vaio,grey,0.4,325
807,Laptop,Vaio,grey,0.65,425
808,Laptop,Vaio,grey,0.4,375
809,Laptop,Vaio,grey,0.75,875
810,Laptop,Vaio,black,0.55,575
811,Laptop,Vaio,grey,0.45,375
812,Laptop,Vaio,black,0.9,675
813,Laptop,Vaio,grey,0.6,625
814,Laptop,Vaio,black,0.45,475
815,Laptop,Vaio,grey,0.95,675
816,Laptop,Vaio,grey,0.85,575
817,Laptop,Vaio,black,0.6,525
818,Laptop,Vaio,grey,0.8,675
819,Laptop,Vaio,grey,0.9,675
820,Laptop,Vaio,grey,0.5,325
821,Laptop,Vaio,grey,0.75,875
822,Laptop,Vaio,black,0.8,725
823,Laptop,Vaio,black,0.45,575
824,Laptop,Vaio,black,0.55,625
825,Laptop,Vaio,grey,0.45,475
826,Laptop,Vaio,black,0.7,625
827,Laptop,Vaio,black,0.75,725
828,Laptop,Vaio,grey,0.85,575
829,Laptop,Vaio,grey,0.9,1025
830,Laptop,Vaio,grey,0.95,975
831,Laptop,Vaio,black,0.65,475
832,Laptop,Vaio,black,0.8,1075
833,Laptop,Vaio,black,0.75,725
834,Laptop,Vaio,black,0.9,725
835,Laptop,Vaio,grey,0.7,475
836,Laptop,Vaio,black,0.75,575
837,Laptop,Vaio,black,0.55,375
838,Laptop,Vaio,black,0.45,325
839,Laptop,Vaio,black,0.65,925
840,Laptop,Vaio,black,0.85,625
841,Laptop,Vaio,grey,0.6,775
842,Laptop,Vaio,black,0.75,675
843,Laptop,Vaio,black,0.5,625
844,Laptop,Vaio,black,0.55,425
845,Laptop,Vaio,grey,0.7,675
846,Laptop,Vaio,grey,0.4,525
847,Laptop,Vaio,black,0.7,825
848,Laptop,Vaio,black,0.55,575
849,Laptop,Vaio,grey,0.45,375
850,Laptop,Vaio,grey,0.6,825
851,Laptop,Vaio,grey,0.9,1175
852,Laptop,Vaio,black,0.65,625
853,Laptop,Vaio,grey,0.5,425
854,Laptop,Vaio,black,0.5,575
855,Laptop,Vaio,grey,0.75,925
856,Laptop,Vaio,grey,0.6,825
857,Laptop,Vaio,black,0.95,1325
858,Laptop,Vaio,grey,0.9,575
859,Laptop,Vaio,grey,0.75,675
860,Laptop,Vaio,grey,0.9,1025
861,Laptop,Vaio,black,0.95,725
862,Laptop,Vaio,black,0.9,725
863,Laptop,Vaio,grey,0.7,425
864,Laptop,Vaio,grey,0.9,775
865,Laptop,Vaio,black,0.6,375
866,Laptop,Vaio,grey,0.45,475
867,Laptop,Vaio,black,0.55,675
868,Laptop,Vaio,grey,0.7,975
869,Laptop,Vaio,black,0.8,1075
870,Laptop,Vaio,grey,0.9,1225
871,Laptop,Vaio,grey,0.9,875
872,Laptop,Vaio,grey,0.9,925
873,Laptop,Vaio,grey,0.85,525
874,Laptop,Vaio,black,0.5,475
875,Laptop,Vaio,grey,0.5,625
876,Laptop,Vaio,grey,0.55,475
877,Laptop,Vaio,grey,0.6,725
878,Laptop,Vaio,grey,0.55,675
879,Laptop,Vaio,grey,0.95,575
880,Laptop,Vaio,grey,0.7,675
881,Laptop,Vaio,grey,0.9,925
882,Laptop,Vaio,black,0.8,625
883,Laptop,Vaio,black,0.4,375
884,Laptop,Vaio,grey,0.9,825
885,Laptop,Vaio,black,0.85,825
886,Laptop,Vaio,grey,0.45,425
887,Laptop,Vaio,black,0.45,275
888,Laptop,Vaio,black,0.95,925
889,Laptop,Vaio,grey,0.65,825
890,Laptop,Vaio,black,0.45,375
891,Laptop,Vaio,black,0.4,425
892,Laptop,Vaio,black,0.85,1125
893,Laptop,Vaio,black,0.4,325
894,Laptop,Vaio,black,0.65,575
895,Laptop,Vaio,grey,0.7,775
896,Laptop,Vaio,black,0.55,375
897,Laptop,Vaio,black,0.55,625
898,Laptop,Vaio,black,0.45,575
899,Laptop,Vaio,black,0.55,575
900,Laptop,Vaio,black,0.75,475
901,Laptop,Vaio,grey,0.8,675
902,Laptop,Vaio,black,0.45,575
903,Laptop,Vaio,black,0.6,625
904,Laptop,Vaio,black,0.8,575
905,Laptop,Vaio,black,0.85,1175
906,Laptop,Vaio,black,0.6,775
907,Laptop,Vaio,grey,0.4,275
908,Laptop,Vaio,black,0.6,725
909,Laptop,Vaio,grey,0.4,325
910,Laptop,Vaio,grey,0.5,625
911,Laptop,Vaio,grey,0.8,525
912,Laptop,Vaio,grey,0.95,625
913,Laptop,Vaio,black,0.75,925
914,Laptop,Vaio,grey,0.55,625
915,Laptop,Vaio,black,0.65,875
916,Laptop,Vaio,grey,0.9,675
917,Laptop,Vaio,black,0.75,675
918,Laptop,Vaio,black,0.5,475
919,Laptop,Vaio,black,0.4,375
920,Laptop,Vaio,black,0.65,825
921,Laptop,Vaio,black,0.45,425
922,Laptop,Vaio,grey,0.85,525
923,Laptop,Vaio,black,0.55,425
924,Laptop,Vaio,black,0.8,675
925,Laptop,Vaio,grey,0.9,575
926,Laptop,Vaio,black,0.75,675
927,Laptop,Vaio,grey,0.9,1025
928,Laptop,Vaio,grey,0.7,775
929,Laptop,Vaio,black,0.4,425
930,Laptop,Vaio,grey,0.75,975
931,Laptop,Vaio,black,0.55,625
932,Laptop,Vaio,black,0.85,575
933,Laptop,Vaio,grey,0.4,375
934,Laptop,HP,grey,0.9,825
935,Laptop,HP,black,0.45,325
936,Laptop,HP,black,0.45,275
937,Laptop,HP,black,0.5,525
938,Laptop,HP,black,0.2,175
939,Laptop,HP,black,0.3,325
940,Laptop,HP,grey,0.35,275
941,Laptop,HP,grey,0.7,525
942,Laptop,HP,black,0.95,975
943,Laptop,HP,grey,0.9,775
944,Laptop,HP,black,0.85,875
945,Laptop,HP,grey,0.4,275
946,Laptop,HP,grey,0.8,725
947,Laptop,HP,grey,0.25,175
948,Laptop,HP,grey,0.25,225
949,Laptop,HP,black,0.3,225
950,Laptop,HP,grey,0.35,325
951,Laptop,HP,black,0.4,275
952,Laptop,HP,grey,0.95,925
953,Laptop,HP,grey,0.75,725
954,Laptop,HP,grey,0.75,575
955,Laptop,HP,grey,0.8,625
956,Laptop,HP,black,0.55,575
957,Laptop,HP,black,0.65,625
958,Laptop,HP,grey,0.85,625
959,Laptop,HP,black,0.95,825
960,Laptop,HP,grey,0.45,475
961,Laptop,HP,black,0.25,275
962,Laptop,HP,black,0.85,725
963,Laptop,HP,grey,0.9,725
964,Laptop,HP,grey,0.45,475
965,Laptop,HP,black,0.7,475
966,Laptop,HP,black,0.35,375
967,Laptop,HP,grey,0.9,575
968,Laptop,HP,black,0.65,425
969,Laptop,HP,black,0.45,275
970,Laptop,HP,grey,0.65,475
971,Laptop,HP,grey,0.3,275
972,Laptop,HP,black,0.25,275
973,Laptop,HP,black,0.4,325
974,Laptop,HP,grey,0.55,425
975,Laptop,HP,grey,0.65,375
976,Laptop,HP,grey,0.45,375
977,Laptop,HP,black,0.25,175
978,Laptop,HP,black,0.25,225
979,Laptop,HP,grey,0.55,575
980,Laptop,HP,black,0.45,375
981,Laptop,HP,black,0.85,625
982,Laptop,HP,black,0.95,875
983,Laptop,HP,grey,0.6,375
984,Laptop,HP,grey,0.55,425
985,Laptop,HP,grey,0.6,625
986,Laptop,HP,grey,0.7,625
987,Laptop,HP,black,0.7,575
988,Laptop,HP,black,0.65,425
989,Laptop,HP,grey,0.2,225
990,Laptop,HP,black,0.9,825
991,Laptop,HP,black,0.25,175
992,Laptop,HP,grey,0.7,725
993,Laptop,HP,grey,0.7,425
994,Laptop,HP,black,0.7,475
995,Laptop,HP,grey,0.8,675
996,Laptop,HP,black,0.8,625
997,Laptop,HP,grey,0.4,275
998,Laptop,HP,black,0.45,275
999,Laptop,HP,black,0.8,675
1000,Laptop,HP,black,0.75,675
1001,Laptop,HP,grey,0.25,175
1002,Laptop,HP,black,0.9,725
1003,Laptop,HP,black,0.95,875
1004,Laptop,HP,grey,0.6,575
1005,Laptop,HP,black,0.75,475
1006,Laptop,HP,black,0.5,425
1007,Laptop,HP,black,0.5,425
1008,Laptop,HP,black,0.6,625
1009,Laptop,HP,black,0.55,475
1010,Laptop,HP,grey,0.4,325
1011,Laptop,HP,black,0.85,575
1012,Laptop,HP,grey,0.9,775
1013,Laptop,HP,grey,0.2,175
1014,Laptop,HP,black,0.75,775
1015,Laptop,HP,grey,0.95,875
1016,Laptop,HP,grey,0.6,425
1017,Laptop,HP,grey,0.35,325
1018,Laptop,HP,black,0.9,725
1019,Laptop,HP,grey,0.35,225
1020,Laptop,HP,black,0.25,175
1021,Laptop,HP,grey,0.7,475
1022,Laptop,HP,black,0.65,425
1023,Laptop,HP,black,0.35,225
1024,Laptop,HP,black,0.95,975
1025,Laptop,HP,black,0.2,125
1026,Laptop,HP,grey,0.65,475
1027,Laptop,HP,grey,0.4,325
1028,Laptop,HP,black,0.3,275
1029,Laptop,HP,grey,0.6,525
1030,Laptop,HP,black,0.45,275
1031,Laptop,HP,grey,0.65,425
1032,Laptop,HP,grey,0.8,725
1033,Laptop,HP,grey,0.85,675
1034,Laptop,HP,grey,0.7,675
1035,Laptop,HP,grey,0.35,375
1036,Laptop,HP,black,0.85,625
1037,Laptop,HP,grey,0.25,275
1038,Laptop,HP,black,0.7,725
1039,Laptop,HP,black,0.55,375
1040,Laptop,HP,grey,0.9,875
1041,Laptop,HP,grey,0.65,625
1042,Laptop,HP,black,0.9,625
1043,Laptop,HP,black,0.25,225
1044,Laptop,HP,grey,0.75,775
1045,Laptop,HP,black,0.4,275
1046,Laptop,HP,black,0.45,425
1047,Laptop,HP,black,0.65,625
1048,Laptop,HP,black,0.45,475
1049,Laptop,HP,black,0.7,575
1050,Laptop,HP,grey,0.35,225
1051,Laptop,HP,grey,0.4,375
1052,Laptop,HP,black,0.35,375
1053,Laptop,HP,black,0.7,475
1054,Laptop,HP,grey,0.4,225
1055,Laptop,HP,grey,0.65,575
1056,Laptop,HP,grey,0.5,375
1057,Laptop,HP,grey,0.3,275
1058,Laptop,HP,black,0.2,175
1059,Laptop,HP,black,0.25,225
1060,Laptop,HP,black,0.2,125
1061,Laptop,HP,grey,0.2,225
1062,Laptop,HP,grey,0.4,325
1063,Laptop,HP,black,0.2,125
1064,Laptop,HP,black,0.95,675
1065,Laptop,HP,grey,0.25,175
1066,Laptop,HP,black,0.85,925
1067,Laptop,HP,black,0.8,625
1068,Laptop,HP,black,0.55,475
1069,Laptop,HP,black,0.9,725
1070,Laptop,HP,black,0.75,575
1071,Laptop,HP,black,0.85,875
1072,Laptop,HP,black,0.55,575
1073,Laptop,HP,grey,0.75,625
1074,Laptop,HP,grey,0.35,275
1075,Laptop,HP,black,0.45,425
1076,Laptop,HP,black,0.45,325
1077,Laptop,HP,black,0.7,725
1078,Laptop,HP,black,0.2,125
1079,Laptop,HP,black,0.55,575
1080,Laptop,HP,black,0.45,475
1081,Laptop,HP,grey,0.6,525
1082,Laptop,HP,grey,0.95,725
1083,Laptop,HP,grey,0.9,825
1084,Laptop,HP,grey,0.9,875
1085,Laptop,HP,black,0.75,725
1086,Laptop,HP,grey,0.9,875
1087,Laptop,HP,grey,0.6,625
1088,Laptop,HP,grey,0.4,425
1089,Laptop,HP,grey,0.85,725
1090,Laptop,HP,grey,0.35,375
1091,Laptop,HP,grey,0.5,375
1092,Laptop,HP,black,0.35,275
1093,Laptop,HP,black,0.75,675
1094,Laptop,HP,black,0.75,675
1095,Laptop,HP,grey,0.55,425
1096,Laptop,HP,grey,0.3,225
1097,Laptop,HP,black,0.85,775
1098,Laptop,HP,black,0.7,525
1099,Laptop,HP,grey,0.95,1025
1100,Laptop,HP,grey,0.75,575
1101,Laptop,HP,black,0.65,425
1102,Laptop,HP,black,0.2,175
1103,Laptop,HP,grey,0.3,275
1104,Laptop,HP,grey,0.3,225
1105,Laptop,HP,black,0.5,525
1106,Laptop,HP,grey,0.4,425
1107,Laptop,HP,black,0.45,475
1108,Laptop,HP,grey,0.5,325
1109,Laptop,HP,grey,0.25,175
1110,Laptop,HP,grey,0.8,625
1111,Laptop,HP,grey,0.4,275
1112,Laptop,HP,black,0.85,725
1113,Laptop,HP,grey,0.75,725
1114,Laptop,HP,grey,0.8,575
1115,Laptop,HP,black,0.85,525
1116,Laptop,HP,black,0.65,625
1117,Laptop,HP,black,0.35,275
1118,Laptop,HP,black,0.35,225
1119,Laptop,HP,black,0.3,275
1120,Laptop,HP,black,0.95,975
1121,Laptop,HP,grey,0.25,225
1122,Laptop,HP,black,0.4,275
1123,Laptop,HP,grey,0.5,475
1124,Laptop,HP,black,0.2,125
1125,Laptop,HP,grey,0.35,375
1126,Laptop,HP,black,0.3,275
1127,Laptop,HP,grey,0.3,275
1128,Laptop,HP,grey,0.6,625
1129,Laptop,HP,black,0.3,275
1130,Laptop,HP,black,0.95,975
1131,Laptop,HP,black,0.7,425
1132,Laptop,HP,black,0.85,925
1133,Laptop,HP,black,0.5,375
1134,Laptop,HP,grey,0.75,775
1135,Laptop,HP,black,0.95,975
1136,Laptop,HP,grey,0.9,675
1137,Laptop,HP,grey,0.75,575
1138,Laptop,HP,black,0.95,875
1139,Laptop,HP,black,0.75,675
1140,Laptop,HP,grey,0.6,575
1141,Laptop,HP,grey,0.5,325
1142,Laptop,HP,black,0.55,525
1143,Laptop,HP,grey,0.85,725
1144,Laptop,HP,black,0.4,275
1145,Laptop,HP,black,0.55,375
1146,Laptop,HP,black,0.85,675
1147,Laptop,HP,black,0.9,925
1148,Laptop,HP,grey,0.95,625
1149,Laptop,HP,black,0.9,575
1150,Laptop,HP,black,0.8,775
1151,Laptop,HP,grey,0.95,725
1152,Laptop,HP,grey,0.7,775
1153,Laptop,HP,grey,0.35,375
1154,Laptop,HP,grey,0.85,675
1155,Laptop,HP,grey,0.4,425
1156,Laptop,HP,black,0.4,325
1157,Laptop,HP,black,0.45,475
1158,Laptop,HP,grey,0.5,425
1159,Laptop,HP,grey,0.7,475
1160,Laptop,HP,black,0.4,325
1161,Laptop,HP,grey,0.5,325
1162,Laptop,HP,grey,0.45,275
1163,Laptop,HP,grey,0.2,175
1164,Laptop,HP,grey,0.85,725
1165,Laptop,HP,grey,0.8,725
1166,Laptop,HP,grey,0.8,725
1167,Laptop,HP,grey,0.9,675
1168,Laptop,HP,grey,0.7,575
1169,Laptop,HP,black,0.5,375
1170,Laptop,HP,black,0.55,375
1171,Laptop,HP,grey,0.9,875
1172,Laptop,HP,black,0.2,175
1173,Laptop,HP,black,0.5,475
1174,Laptop,HP,grey,0.4,425
1175,Laptop,HP,black,0.85,825
1176,Laptop,HP,black,0.65,675
1177,Laptop,HP,black,0.6,425
1178,Laptop,HP,black,0.2,125
1179,Laptop,HP,grey,0.8,725
1180,Laptop,HP,black,0.35,325
1181,Laptop,HP,grey,0.85,525
1182,Laptop,HP,grey,0.2,225
1183,Laptop,HP,grey,0.4,275
1184,Laptop,HP,grey,0.65,625
1185,Laptop,HP,grey,0.3,225
1186,Laptop,HP,grey,0.35,375
1187,Laptop,HP,black,0.8,625
1188,Laptop,HP,grey,0.25,175
1189,Laptop,HP,black,0.65,425
1190,Laptop,HP,black,0.3,225
1191,Laptop,HP,grey,0.6,375
1192,Laptop,HP,black,0.75,775
1193,Laptop,HP,grey,0.4,425
1194,Laptop,HP,grey,0.5,475
1195,Laptop,HP,black,0.65,425
1196,Laptop,HP,grey,0.95,575
1197,Laptop,HP,grey,0.5,475
1198,Laptop,HP,black,0.35,325
1199,Laptop,HP,black,0.4,225
1200,Laptop,HP,black,0.3,325
1201,Laptop,HP,grey,0.6,375
1202,Laptop,HP,grey,0.6,425
1203,Laptop,HP,grey,0.4,375
1204,Laptop,HP,grey,0.3,275
1205,Laptop,HP,black,0.9,575
1206,Laptop,HP,black,0.8,725
1207,Laptop,HP,grey,0.75,575
1208,Laptop,HP,black,0.35,325
1209,Laptop,HP,black,0.55,475
1210,Laptop,HP,grey,0.95,975
1211,Laptop,HP,grey,0.45,275
1212,Laptop,HP,grey,0.25,175
1213,Laptop,HP,black,0.6,375
1214,Laptop,HP,black,0.7,525
1215,Laptop,HP,black,0.95,825
1216,Laptop,HP,black,0.8,725
1217,Laptop,HP,black,0.5,375
1218,Laptop,HP,black,0.45,275
1219,Laptop,HP,grey,0.75,475
1220,Laptop,HP,black,0.2,175
1221,Laptop,HP,black,0.65,525
1222,Laptop,HP,black,0.75,575
1223,Laptop,HP,black,0.75,575
1224,Laptop,HP,black,0.75,675
1225,Laptop,HP,grey,0.4,425
1226,Laptop,HP,grey,0.9,925
1227,Laptop,HP,black,0.35,325
1228,Laptop,HP,grey,0.75,475
1229,Laptop,HP,grey,0.85,725
1230,Laptop,HP,black,0.4,275
1231,Laptop,HP,grey,0.4,325
1232,Laptop,HP,black,0.95,925
1233,Laptop,HP,grey,0.6,625
1234,Laptop,HP,grey,0.9,825
1235,Laptop,HP,grey,0.85,875
1236,Laptop,HP,black,0.35,225
1237,Laptop,HP,grey,0.7,625
1238,Laptop,HP,black,0.2,225
1239,Laptop,HP,black,0.9,925
1240,Laptop,HP,black,0.55,425
1241,Laptop,HP,black,0.25,225
1242,Laptop,HP,grey,0.3,275
1243,Laptop,HP,black,0.35,375
1244,Laptop,HP,grey,0.65,525
1245,Laptop,HP,black,0.25,175
1246,Laptop,HP,grey,0.7,525
1247,Laptop,HP,black,0.4,275
1248,Laptop,HP,grey,0.7,775
1249,Laptop,HP,grey,0.95,825
1250,Laptop,HP,grey,0.2,225
1251,Laptop,HP,grey,0.8,875
1252,Laptop,HP,grey,0.85,775
1253,Laptop,HP,grey,0.8,575
1254,Laptop,HP,grey,0.8,775
1255,Laptop,HP,black,0.95,875
1256,Laptop,HP,grey,0.65,525
1257,Laptop,HP,black,0.7,525
1258,Laptop,HP,grey,0.4,375
1259,Laptop,HP,grey,0.3,225
1260,Laptop,HP,grey,0.95,1025
1261,Laptop,HP,black,0.9,625
1262,Laptop,HP,grey,0.3,275
1263,Laptop,HP,grey,0.7,675
1264,Laptop,HP,grey,0.65,575
1265,Laptop,HP,black,0.95,1025
1266,Laptop,HP,black,0.8,575
1267,Laptop,HP,black,0.2,125
1268,Laptop,HP,black,0.75,825
1269,Laptop,HP,black,0.7,525
1270,Laptop,HP,grey,0.8,625
1271,Laptop,HP,black,0.45,375
1272,Laptop,HP,grey,0.2,125
1273,Laptop,HP,black,0.45,425
1274,Laptop,HP,grey,0.35,325
1275,Laptop,HP,black,0.25,225
1276,Laptop,HP,black,0.55,475
1277,Laptop,HP,black,0.75,525
1278,Laptop,HP,grey,0.55,575
1279,Laptop,HP,black,0.55,525
1280,Laptop,HP,black,0.4,225
1281,Laptop,HP,black,0.9,725
1282,Laptop,HP,black,0.5,325
1283,Laptop,HP,grey,0.5,525
1284,Laptop,HP,black,0.75,475
1285,Laptop,HP,black,0.9,925
1286,Laptop,HP,grey,0.4,325
1287,Laptop,HP,black,0.8,575
1288,Laptop,HP,black,0.55,575
1289,Laptop,HP,black,0.35,325
1290,Laptop,HP,black,0.4,425
1291,Laptop,HP,black,0.95,875
1292,Laptop,HP,grey,0.9,675
1293,Laptop,HP,black,0.8,475
1294,Laptop,HP,grey,0.9,825
1295,Laptop,HP,black,0.95,1025
1296,Laptop,HP,grey,0.8,475
1297,Laptop,HP,grey,0.3,225
1298,Laptop,HP,grey,0.9,825
1299,Laptop,HP,black,0.4,275
1300,Laptop,HP,black,0.7,575
1301,Laptop,HP,grey,0.3,325
1302,Laptop,HP,grey,0.5,425
1303,Laptop,HP,grey,0.45,275
1304,Laptop,HP,grey,0.6,425
1305,Laptop,HP,black,0.4,425
1306,Laptop,HP,black,0.45,375
1307,Laptop,HP,black,0.8,525
1308,Laptop,HP,black,0.5,325
1309,Laptop,HP,grey,0.25,175
1310,Laptop,HP,black,0.55,525
1311,Laptop,HP,black,0.65,575
1312,Laptop,HP,black,0.25,225
1313,Laptop,HP,grey,0.7,525
1314,Laptop,HP,black,0.35,225
1315,Laptop,HP,grey,0.45,425
1316,Laptop,HP,black,0.45,275
1317,Laptop,HP,black,0.85,525
1318,Laptop,HP,black,0.9,675
1319,Laptop,HP,grey,0.55,325
1320,Laptop,HP,black,0.25,275
1321,Laptop,HP,black,0.65,575
1322,Laptop,HP,grey,0.35,275
1323,Laptop,HP,grey,0.25,175
1324,Laptop,HP,grey,0.85,875
1325,Laptop,HP,black,0.45,475
1326,Laptop,HP,black,0.95,925
1327,Laptop,HP,grey,0.8,875
1328,Laptop,HP,grey,0.25,225
1329,Laptop,HP,grey,0.85,575
1330,Laptop,HP,black,0.35,275
1331,Laptop,HP,black,0.35,275
1332,Laptop,HP,black,0.35,375
1333,Laptop,HP,grey,0.35,275
1334,Laptop,HP,black,0.25,225
1335,Laptop,HP,grey,0.95,625
1336,Laptop,HP,grey,0.2,225
1337,Laptop,HP,black,0.65,575
1338,Laptop,HP,grey,0.5,325
1339,Laptop,HP,grey,0.65,675
1340,Laptop,HP,grey,0.45,425
1341,Laptop,HP,black,0.45,425
1342,Laptop,HP,grey,0.2,125
1343,Laptop,HP,grey,0.45,325
1344,Laptop,HP,black,0.3,275
1345,Laptop,HP,grey,0.55,575
1346,Laptop,HP,grey,0.55,575
1347,Laptop,HP,grey,0.55,475
1348,Laptop,HP,black,0.25,175
1349,Laptop,HP,grey,0.95,875
1350,Laptop,HP,black,0.45,475
1351,Laptop,HP,black,0.2,125
1352,Laptop,HP,grey,0.45,425
1353,Laptop,HP,black,0.75,725
1354,Laptop,HP,black,0.6,425
1355,Laptop,HP,black,0.6,375
1356,Laptop,HP,black,0.6,625
1357,Laptop,HP,grey,0.85,875
1358,Laptop,HP,grey,0.85,775
1359,Laptop,HP,grey,0.95,975
1360,Laptop,HP,grey,0.2,175
1361,Laptop,HP,grey,0.7,725
1362,Laptop,HP,grey,0.95,775
1363,Laptop,HP,black,0.85,875
1364,Laptop,HP,grey,0.6,625
1365,Laptop,HP,black,0.45,425
1366,Laptop,HP,black,0.9,625
1367,Laptop,HP,grey,0.6,625
1368,Laptop,HP,black,0.25,175
1369,Laptop,HP,black,0.35,325
1370,Laptop,HP,black,0.5,375
1371,Laptop,HP,grey,0.35,225
1372,Laptop,HP,black,0.45,375
1373,Laptop,HP,black,0.45,475
1374,Laptop,HP,grey,0.95,1025
1375,Laptop,HP,grey,0.2,225
1376,Laptop,HP,black,0.35,225
1377,Laptop,HP,black,0.5,525
1378,Laptop,HP,black,0.3,325
1379,Laptop,HP,grey,0.55,375
1380,Laptop,HP,black,0.8,575
1381,Laptop,HP,black,0.85,675
1382,Laptop,HP,black,0.85,925
1383,Laptop,HP,grey,0.85,875
1384,Laptop,HP,black,0.3,275
1385,Laptop,HP,black,0.85,525
1386,Laptop,HP,black,0.95,775
1387,Laptop,HP,grey,0.85,675
1388,Laptop,HP,black,0.65,625
1389,Laptop,HP,grey,0.95,925
1390,Laptop,HP,grey,0.9,975
1391,Laptop,HP,black,0.2,175
1392,Laptop,HP,grey,0.55,475
1393,Laptop,HP,grey,0.95,925
1394,Laptop,HP,grey,0.45,425
1395,Laptop,HP,black,0.75,625
1396,Laptop,HP,grey,0.6,625
1397,Laptop,HP,black,0.65,475
1398,Laptop,HP,black,0.2,175
1399,Laptop,HP,grey,0.2,175
1400,Laptop,HP,black,0.4,375
1401,Laptop,HP,black,0.95,825
1402,Laptop,HP,black,0.2,175
1403,Laptop,HP,grey,0.85,825
1404,Laptop,HP,grey,0.5,525
1405,Laptop,HP,black,0.6,375
1406,Laptop,HP,grey,0.2,125
1407,Laptop,HP,grey,0.9,825
1408,Laptop,HP,grey,0.4,325
1409,Laptop,HP,black,0.85,875
1410,Laptop,HP,grey,0.25,225
1411,Laptop,HP,black,0.65,575
1412,Laptop,HP,black,0.7,475
1413,Laptop,HP,black,0.35,225
1414,Laptop,HP,black,0.3,225
1415,Laptop,HP,grey,0.4,325
1416,Laptop,HP,black,0.9,625
1417,Laptop,HP,grey,0.7,625
1418,Laptop,HP,grey,0.4,375
1419,Laptop,HP,black,0.7,725
1420,Laptop,HP,black,0.35,325
1421,Laptop,HP,black,0.6,475
1422,Laptop,HP,black,0.25,225
1423,Laptop,HP,grey,0.5,375
1424,Laptop,HP,grey,0.25,225
1425,Laptop,HP,grey,0.45,425
1426,Laptop,HP,black,0.65,675
1427,Laptop,HP,black,0.35,225
1428,Laptop,HP,grey,0.65,475
1429,Laptop,HP,black,0.2,125
1430,Laptop,HP,black,0.8,775
1431,Laptop,HP,grey,0.9,675
1432,Laptop,HP,black,0.55,625
1433,Laptop,HP,grey,0.95,725
1434,Laptop,HP,black,0.75,775
1435,Laptop,Dell,black,0.4,275
1436,Laptop,Dell,black,0.85,675
1437,Laptop,Dell,black,0.45,375
1438,Laptop,Dell,black,0.9,825
1439,Laptop,Dell,black,0.55,425
1440,Laptop,Dell,black,0.9,675
1441,Laptop,Dell,black,0.8,775
1442,Laptop,Dell,black,0.45,325
1443,Laptop,Dell,black,0.75,725
1444,Laptop,Dell,grey,0.8,625
1445,Laptop,Dell,black,0.85,875
1446,Laptop,Dell,black,0.6,625
1447,Laptop,Dell,grey,0.65,525
1448,Laptop,Dell,black,0.9,975
1449,Laptop,Dell,grey,0.8,875
1450,Laptop,Dell,black,0.6,625
1451,Laptop,Dell,black,0.9,675
1452,Laptop,Dell,black,0.45,275
1453,Laptop,Dell,grey,0.85,925
1454,Laptop,Dell,black,0.75,825
1455,Laptop,Dell,grey,0.9,575
1456,Laptop,Dell,grey,0.5,375
1457,Laptop,Dell,black,0.45,275
1458,Laptop,Dell,grey,0.75,625
1459,Laptop,Dell,grey,0.95,625
1460,Laptop,Dell,black,0.8,525
1461,Laptop,Dell,grey,0.75,825
1462,Laptop,Dell,grey,0.6,425
1463,Laptop,Dell,black,0.85,825
1464,Laptop,Dell,black,0.65,675
1465,Laptop,Dell,black,0.65,425
1466,Laptop,Dell,grey,0.85,925
1467,Laptop,Dell,grey,0.9,725
1468,Laptop,Dell,grey,0.9,825
1469,Laptop,Dell,grey,0.45,425
1470,Laptop,Dell,grey,0.8,625
1471,Laptop,Dell,grey,0.8,725
1472,Laptop,Dell,grey,0.55,375
1473,Laptop,Dell,grey,0.85,575
1474,Laptop,Dell,grey,0.95,875
1475,Laptop,Dell,black,0.8,575
1476,Laptop,Dell,grey,0.7,575
1477,Laptop,Dell,black,0.4,375
1478,Laptop,Dell,grey,0.9,975
1479,Laptop,Dell,black,0.95,625
1480,Laptop,Dell,grey,0.5,475
1481,Laptop,Dell,grey,0.5,425
1482,Laptop,Dell,black,0.4,425
1483,Laptop,Dell,black,0.65,525
1484,Laptop,Dell,grey,0.55,375
1485,Laptop,Dell,black,0.8,625
1486,Laptop,Dell,grey,0.5,425
1487,Laptop,Dell,grey,0.75,475
1488,Laptop,Dell,grey,0.85,625
1489,Laptop,Dell,grey,0.9,925
1490,Laptop,Dell,black,0.95,925
1491,Laptop,Dell,black,0.4,425
1492,Laptop,Dell,grey,0.4,375
1493,Laptop,Dell,black,0.45,425
1494,Laptop,Dell,grey,0.9,775
1495,Laptop,Dell,black,0.6,625
1496,Laptop,Dell,grey,0.7,475
1497,Laptop,Dell,grey,0.8,875
1498,Laptop,Dell,grey,0.95,1025
1499,Laptop,Dell,grey,0.85,625
1500,Laptop,Dell,grey,0.45,275
1501,Laptop,Dell,black,0.55,325
1502,Laptop,Dell,black,0.4,325
1503,Laptop,Dell,grey,0.95,775
1504,Laptop,Dell,black,0.65,525
1505,Laptop,Dell,grey,0.8,575
1506,Laptop,Dell,black,0.95,775
1507,Laptop,Dell,black,0.75,525
1508,Laptop,Dell,black,0.85,925
1509,Laptop,Dell,grey,0.65,475
1510,Laptop,Dell,grey,0.9,675
1511,Laptop,Dell,black,0.5,425
1512,Laptop,Dell,grey,0.6,625
1513,Laptop,Dell,black,0.85,875
1514,Laptop,Dell,black,0.45,475
1515,Laptop,Dell,grey,0.5,375
1516,Laptop,Dell,grey,0.45,275
1517,Laptop,Dell,grey,0.4,275
1518,Laptop,Dell,grey,0.9,925
1519,Laptop,Dell,black,0.5,325
1520,Laptop,Dell,grey,0.9,675
1521,Laptop,Dell,black,0.75,725
1522,Laptop,Dell,black,0.4,375
1523,Laptop,Dell,black,0.5,375
1524,Laptop,Dell,grey,0.75,725
1525,Laptop,Dell,grey,0.55,375
1526,Laptop,Dell,grey,0.65,575
1527,Laptop,Dell,black,0.7,725
1528,Laptop,Dell,grey,0.8,725
1529,Laptop,Dell,grey,0.4,425
1530,Laptop,Dell,grey,0.4,375
1531,Laptop,Dell,grey,0.55,575
1532,Laptop,Dell,grey,0.4,275
1533,Laptop,Dell,grey,0.95,675
1534,Laptop,Dell,black,0.55,325
1535,Laptop,Dell,black,0.6,625
1536,Laptop,Dell,black,0.85,775
1537,Laptop,Dell,grey,0.45,425
1538,Laptop,Dell,black,0.65,675
1539,Laptop,Dell,black,0.45,325
1540,Laptop,Dell,grey,0.65,525
1541,Laptop,Dell,grey,0.9,825
1542,Laptop,Dell,black,0.9,675
1543,Laptop,Dell,black,0.7,675
1544,Laptop,Dell,black,0.6,525
1545,Laptop,Dell,grey,0.6,475
1546,Laptop,Dell,black,0.55,525
1547,Laptop,Dell,black,0.7,775
1548,Laptop,Dell,black,0.7,675
1549,Laptop,Dell,grey,0.95,875
1550,Laptop,Dell,black,0.45,375
1551,Laptop,Dell,grey,0.5,325
1552,Laptop,Dell,grey,0.4,375
1553,Laptop,Dell,black,0.95,975
1554,Laptop,Dell,black,0.5,475
1555,Laptop,Dell,black,0.65,575
1556,Laptop,Dell,grey,0.75,725
1557,Laptop,Dell,black,0.75,825
1558,Laptop,Dell,black,0.95,775
1559,Laptop,Dell,grey,0.8,775
1560,Laptop,Dell,grey,0.4,325
1561,Laptop,Dell,grey,0.85,625
1562,Laptop,Dell,black,0.45,375
1563,Laptop,Dell,grey,0.75,675
1564,Laptop,Dell,black,0.55,575
1565,Laptop,Dell,grey,0.75,475
1566,Laptop,Dell,black,0.85,525
1567,Laptop,Dell,black,0.7,675
1568,Laptop,Dell,grey,0.85,525
1569,Laptop,Dell,black,0.6,525
1570,Laptop,Dell,black,0.65,425
1571,Laptop,Dell,grey,0.8,775
1572,Laptop,Dell,black,0.5,375
1573,Laptop,Dell,grey,0.45,325
1574,Laptop,Dell,grey,0.75,475
1575,Laptop,Dell,grey,0.95,975
1576,Laptop,Dell,grey,0.95,575
1577,Laptop,Dell,black,0.5,325
1578,Laptop,Dell,black,0.75,675
1579,Laptop,Dell,grey,0.55,425
1580,Laptop,Dell,black,0.65,425
1581,Laptop,Dell,grey,0.8,625
1582,Laptop,Dell,grey,0.8,875
1583,Laptop,Dell,black,0.7,625
1584,Laptop,Dell,grey,0.6,475
1585,Laptop,Dell,grey,0.9,575
1586,Laptop,Dell,grey,0.55,575
1587,Laptop,Dell,black,0.6,375
1588,Laptop,Dell,grey,0.7,675
1589,Laptop,Dell,grey,0.65,475
1590,Laptop,Dell,grey,0.55,325
1591,Laptop,Dell,black,0.8,475
1592,Laptop,Dell,grey,0.5,425
1593,Laptop,Dell,black,0.75,625
1594,Laptop,Dell,grey,0.45,325
1595,Laptop,Dell,black,0.65,625
1596,Laptop,Dell,grey,0.7,525
1597,Laptop,Dell,grey,0.9,875
1598,Laptop,Dell,black,0.55,375
1599,Laptop,Dell,grey,0.4,325
1600,Laptop,Dell,grey,0.6,375
1601,Laptop,Dell,black,0.8,675
1602,Laptop,Dell,black,0.8,725
1603,Laptop,Dell,black,0.55,475
1604,Laptop,Dell,black,0.95,725
1605,Laptop,Dell,black,0.6,375
1606,Laptop,Dell,grey,0.6,575
1607,Laptop,Dell,grey,0.4,375
1608,Laptop,Dell,black,0.5,475
1609,Laptop,Dell,grey,0.75,625
1610,Laptop,Dell,grey,0.55,575
1611,Laptop,Dell,black,0.75,625
1612,Laptop,Dell,black,0.45,375
1613,Laptop,Dell,black,0.75,675
1614,Laptop,Dell,black,0.4,275
1615,Laptop,Dell,grey,0.4,275
1616,Laptop,Dell,grey,0.6,375
1617,Laptop,Dell,grey,0.65,675
1618,Laptop,Dell,black,0.6,475
1619,Laptop,Dell,grey,0.5,475
1620,Laptop,Dell,black,0.8,725
1621,Laptop,Dell,grey,0.85,875
1622,Laptop,Dell,black,0.85,525
1623,Laptop,Dell,black,0.9,875
1624,Laptop,Dell,grey,0.5,475
1625,Laptop,Dell,black,0.9,575
1626,Laptop,Dell,grey,0.65,425
1627,Laptop,Dell,black,0.85,825
1628,Laptop,Dell,grey,0.65,525
1629,Laptop,Dell,black,0.7,625
1630,Laptop,Dell,black,0.45,425
1631,Laptop,Dell,grey,0.8,575
1632,Laptop,Dell,grey,0.85,625
1633,Laptop,Dell,black,0.8,675
1634,Laptop,Dell,grey,0.8,725
1635,Laptop,Dell,grey,0.45,475
1636,Laptop,Dell,black,0.85,525
1637,Laptop,Dell,grey,0.7,725
1638,Laptop,Dell,grey,0.45,325
1639,Laptop,Dell,black,0.4,375
1640,Laptop,Dell,black,0.5,375
1641,Laptop,Dell,grey,0.95,875
1642,Laptop,Dell,black,0.45,425
1643,Laptop,Dell,black,0.55,375
1644,Laptop,Dell,grey,0.65,675
1645,Laptop,Dell,grey,0.45,275
1646,Laptop,Dell,grey,0.45,325
1647,Laptop,Dell,grey,0.95,825
1648,Laptop,Dell,black,0.65,675
1649,Laptop,Dell,black,0.55,525
1650,Laptop,Dell,grey,0.85,625
1651,Laptop,Dell,grey,0.7,725
1652,Laptop,Dell,black,0.95,925
1653,Laptop,Dell,grey,0.4,225
1654,Laptop,Dell,grey,0.55,425
1655,Laptop,Dell,grey,0.75,475
1656,Laptop,Dell,black,0.45,375
1657,Laptop,Dell,black,0.95,625
1658,Laptop,Dell,black,0.4,275
1659,Laptop,Dell,grey,0.8,875
1660,Laptop,Dell,black,0.65,475
1661,Laptop,Dell,black,0.45,475
1662,Laptop,Dell,grey,0.6,425
1663,Laptop,Dell,black,0.4,375
1664,Laptop,Dell,grey,0.45,375
1665,Laptop,Dell,grey,0.6,425
1666,Laptop,Dell,black,0.85,575
1667,Laptop,Dell,grey,0.55,425
1668,Laptop,Dell,black,0.85,775
1669,Laptop,Dell,black,0.6,575
1670,Laptop,Dell,grey,0.9,825
1671,Laptop,Dell,grey,0.95,825
1672,Laptop,Dell,grey,0.9,875
1673,Laptop,Dell,grey,0.5,325
1674,Laptop,Dell,black,0.8,475
1675,Laptop,Dell,grey,0.65,525
1676,Laptop,Dell,grey,0.9,825
1677,Laptop,Dell,grey,0.5,375
1678,Laptop,Dell,grey,0.9,575
1679,Laptop,Dell,grey,0.5,525
1680,Laptop,Dell,grey,0.8,625
1681,Laptop,Dell,black,0.4,275
1682,Laptop,Dell,grey,0.45,375
1683,Laptop,Dell,black,0.8,875
1684,Laptop,Dell,black,0.55,375
1685,Laptop,Dell,black,0.6,475
1686,Laptop,Dell,grey,0.95,1025
1687,Laptop,Dell,grey,0.4,275
1688,Laptop,Dell,grey,0.7,775
1689,Laptop,Dell,black,0.6,425
1690,Laptop,Dell,black,0.5,325
1691,Laptop,Dell,grey,0.8,625
1692,Laptop,Dell,black,0.85,875
1693,Laptop,Dell,black,0.7,475
1694,Laptop,Dell,grey,0.55,525
1695,Laptop,Dell,black,0.4,275
1696,Laptop,Dell,black,0.45,375
1697,Laptop,Dell,grey,0.9,725
1698,Laptop,Dell,grey,0.45,475
1699,Laptop,Dell,black,0.8,825
1700,Laptop,Dell,black,0.6,425
1701,Laptop,Dell,grey,0.6,575
1702,Laptop,Dell,black,0.55,375
1703,Laptop,Dell,black,0.7,625
1704,Laptop,Dell,grey,0.9,575
1705,Laptop,Dell,black,0.8,675
1706,Laptop,Dell,grey,0.45,425
1707,Laptop,Dell,grey,0.95,925
1708,Laptop,Dell,grey,0.95,675
1709,Laptop,Dell,grey,0.7,425
1710,Laptop,Dell,grey,0.6,525
1711,Laptop,Dell,grey,0.95,725
1712,Laptop,Dell,grey,0.8,475
1713,Laptop,Dell,black,0.45,425
1714,Laptop,Dell,black,0.9,875
1715,Laptop,Dell,black,0.4,225
1716,Laptop,Dell,black,0.65,675
1717,Laptop,Dell,black,0.6,575
1718,Laptop,Dell,black,0.75,525
1719,Laptop,Dell,black,0.5,475
1720,Laptop,Dell,grey,0.5,325
1721,Laptop,Dell,grey,0.55,425
1722,Laptop,Dell,black,0.45,325
1723,Laptop,Dell,grey,0.85,775
1724,Laptop,Dell,black,0.4,325
1725,Laptop,Dell,grey,0.5,325
1726,Laptop,Dell,grey,0.9,975
1727,Laptop,Dell,grey,0.65,525
1728,Laptop,Dell,grey,0.95,975
1729,Laptop,Dell,black,0.45,375
1730,Laptop,Dell,black,0.7,575
1731,Laptop,Dell,grey,0.5,525
1732,Laptop,Dell,grey,0.45,325
1733,Laptop,Dell,black,0.85,875
1734,Laptop,Dell,black,0.95,975
1735,Laptop,Dell,black,0.7,575
1736,Laptop,Dell,grey,0.45,475
1737,Laptop,Dell,black,0.65,625
1738,Laptop,Dell,grey,0.7,575
1739,Laptop,Dell,grey,0.55,375
1740,Laptop,Dell,grey,0.6,475
1741,Laptop,Dell,grey,0.8,625
1742,Laptop,Dell,grey,0.5,475
1743,Laptop,Dell,black,0.6,425
1744,Laptop,Dell,black,0.85,775
1745,Laptop,Dell,grey,0.65,425
1746,Laptop,Dell,grey,0.95,725
1747,Laptop,Dell,grey,0.7,725
1748,Laptop,Dell,grey,0.9,575
1749,Laptop,Dell,grey,0.45,375
1750,Laptop,Dell,grey,0.55,575
1751,Laptop,Dell,black,0.45,425
1752,Laptop,Dell,grey,0.7,625
1753,Laptop,Dell,black,0.75,525
1754,Laptop,Dell,black,0.75,625
1755,Laptop,Dell,black,0.75,725
1756,Laptop,Dell,black,0.75,775
1757,Laptop,Dell,grey,0.45,375
1758,Laptop,Dell,black,0.45,375
1759,Laptop,Dell,grey,0.45,475
1760,Laptop,Dell,grey,0.65,425
1761,Laptop,Dell,black,0.6,625
1762,Laptop,Dell,black,0.65,525
1763,Laptop,Dell,grey,0.95,675
1764,Laptop,Dell,grey,0.9,775
1765,Laptop,Dell,grey,0.6,575
1766,Laptop,Dell,black,0.6,475
1767,Laptop,Dell,grey,0.5,475
1768,Laptop,Dell,black,0.5,375
1769,Laptop,Dell,black,0.8,775
1770,Laptop,Dell,grey,0.7,525
1771,Laptop,Dell,black,0.75,725
1772,Laptop,Dell,grey,0.6,625
1773,Laptop,Dell,grey,0.55,525
1774,Laptop,Dell,grey,0.5,325
1775,Laptop,Dell,grey,0.4,375
1776,Laptop,Dell,black,0.7,625
1777,Laptop,Dell,black,0.4,325
1778,Laptop,Dell,black,0.4,275
1779,Laptop,Dell,grey,0.55,375
1780,Laptop,Dell,grey,0.85,675
1781,Laptop,Dell,grey,0.85,575
1782,Laptop,Dell,black,0.65,475
1783,Laptop,Dell,black,0.85,575
1784,Laptop,Dell,grey,0.7,625
1785,Laptop,Dell,grey,0.45,325
1786,Laptop,Dell,grey,0.65,675
1787,Laptop,Dell,black,0.65,575
1788,Laptop,Dell,grey,0.9,975
1789,Laptop,Dell,black,0.65,525
1790,Laptop,Dell,black,0.95,625
1791,Laptop,Dell,black,0.5,375
1792,Laptop,Dell,black,0.55,475
1793,Laptop,Dell,grey,0.9,825
1794,Laptop,Dell,black,0.75,675
1795,Laptop,Dell,black,0.85,625
1796,Laptop,Dell,grey,0.7,725
1797,Laptop,Dell,grey,0.7,675
1798,Laptop,Dell,grey,0.95,575
1799,Laptop,Dell,grey,0.7,625
1800,Laptop,Dell,black,0.4,275
1801,Laptop,Dell,grey,0.8,775
1802,Laptop,Dell,black,0.9,975
1803,Laptop,Dell,grey,0.75,525
1804,Laptop,Dell,black,0.6,575
1805,Laptop,Dell,grey,0.5,475
1806,Laptop,Dell,grey,0.8,725
1807,Laptop,Dell,grey,0.75,725
1808,Laptop,Dell,grey,0.85,925
1809,Laptop,Dell,grey,0.9,925
1810,Laptop,Dell,black,0.7,625
1811,Laptop,Dell,grey,0.7,625
1812,Laptop,Dell,black,0.85,775
1813,Laptop,Dell,grey,0.95,825
1814,Laptop,Dell,grey,0.9,975
1815,Laptop,Dell,grey,0.6,375
1816,Laptop,Dell,black,0.6,475
1817,Laptop,Dell,black,0.4,325
1818,Laptop,Dell,grey,0.9,875
1819,Laptop,Dell,grey,0.75,825
1820,Laptop,Dell,grey,0.65,525
1821,Laptop,Dell,grey,0.4,375
1822,Laptop,Dell,black,0.7,525
1823,Laptop,Dell,grey,0.75,575
1824,Laptop,Dell,grey,0.75,775
1825,Laptop,Dell,grey,0.95,675
1826,Laptop,Dell,grey,0.6,675
1827,Laptop,Dell,black,0.55,375
1828,Laptop,Dell,black,0.65,625
1829,Laptop,Dell,black,0.6,475
1830,Laptop,Dell,grey,0.8,475
1831,Laptop,Dell,grey,0.95,975
1832,Laptop,Dell,grey,0.4,375
1833,Laptop,Dell,black,0.4,425
1834,Laptop,Dell,grey,0.8,725
1835,Laptop,Dell,grey,0.55,575
1836,Laptop,Dell,black,0.45,375
1837,Laptop,Dell,grey,0.5,325
1838,Laptop,Dell,black,0.8,775
1839,Laptop,Dell,grey,0.95,725
1840,Laptop,Dell,black,0.6,575
1841,Laptop,Dell,black,0.95,775
1842,Laptop,Dell,black,0.85,875
1843,Laptop,Dell,black,0.45,425
1844,Laptop,Dell,black,0.45,325
1845,Laptop,Dell,black,0.75,625
1846,Laptop,Dell,grey,0.75,525
1847,Laptop,Dell,grey,0.7,775
1848,Laptop,Dell,grey,0.65,525
1849,Laptop,Dell,black,0.6,375
1850,Laptop,Dell,grey,0.55,325
1851,Laptop,Dell,black,0.85,825
1852,Laptop,Dell,grey,0.9,875
1853,Laptop,Dell,grey,0.75,575
1854,Laptop,Dell,grey,0.45,325
1855,Laptop,Dell,grey,0.85,575
1856,Laptop,Dell,black,0.8,475
1857,Laptop,Dell,grey,0.55,575
1858,Laptop,Dell,black,0.95,975
1859,Laptop,Dell,grey,0.45,475
1860,Laptop,Dell,grey,0.55,375
1861,Laptop,Dell,grey,0.65,625
1862,Laptop,Dell,grey,0.95,825
1863,Laptop,Dell,black,0.8,775
1864,Laptop,Dell,black,0.85,525
1865,Laptop,Dell,black,0.4,375
1866,Laptop,Dell,black,0.65,425
1867,Laptop,Dell,grey,0.45,475
1868,Laptop,Dell,black,0.8,525
1869,Laptop,Dell,grey,0.8,725
1870,Laptop,Dell,black,0.7,425
1871,Laptop,Dell,grey,0.95,975
1872,Laptop,Dell,black,0.65,675
1873,Laptop,Dell,black,0.7,525
1874,Laptop,Dell,black,0.55,525
1875,Laptop,Dell,black,0.4,425
1876,Laptop,Dell,black,0.85,575
1877,Laptop,Dell,grey,0.8,675
1878,Laptop,Dell,black,0.6,475
1879,Laptop,Dell,black,0.85,525
1880,Laptop,Dell,black,0.45,375
1881,Laptop,Dell,black,0.75,725
1882,Laptop,Dell,black,0.7,675
1883,Laptop,Dell,black,0.75,825
1884,Laptop,Dell,grey,0.6,525
1885,Laptop,Dell,grey,0.7,625
1886,Laptop,Dell,grey,0.7,725
1887,Laptop,Dell,grey,0.75,575
1888,Laptop,Dell,grey,0.45,375
1889,Laptop,Dell,grey,0.7,475
1890,Laptop,Dell,grey,0.55,525
1891,Laptop,Dell,grey,0.4,425
1892,Laptop,Dell,grey,0.75,675
1893,Laptop,Dell,grey,0.5,425
1894,Laptop,Dell,black,0.7,625
1895,Laptop,Dell,grey,0.8,575
1896,Laptop,Dell,black,0.65,675
1897,Laptop,Dell,black,0.9,875
1898,Laptop,Dell,grey,0.55,475
1899,Laptop,Dell,grey,0.95,975
1900,Laptop,Dell,black,0.55,475
1901,Laptop,Dell,black,0.45,425
1902,Laptop,Dell,grey,0.7,575
1903,Laptop,Dell,black,0.65,725
1904,Laptop,Dell,grey,0.85,775
1905,Laptop,Dell,black,0.85,875
1906,Laptop,Dell,black,0.85,875
1907,Laptop,Dell,grey,0.4,275
1908,Laptop,Dell,black,0.8,775
1909,Laptop,Dell,grey,0.45,325
1910,Laptop,Dell,black,0.4,225
1911,Laptop,Dell,black,0.75,725
1912,Laptop,Dell,grey,0.55,575
1913,Laptop,Dell,grey,0.7,475
1914,Laptop,Dell,black,0.6,625
1915,Laptop,Dell,grey,0.4,375
1916,Laptop,Dell,black,0.8,875
1917,Laptop,Dell,black,0.95,825
1918,Laptop,Dell,grey,0.75,475
1919,Laptop,Dell,grey,0.85,575
1920,Laptop,Dell,black,0.65,475
1921,Laptop,Dell,grey,0.85,825
1922,Laptop,Dell,grey,0.7,625
1923,Laptop,Dell,black,0.55,525
1924,Laptop,Dell,black,0.6,525
1925,Laptop,Dell,grey,0.9,625
1926,Laptop,Dell,black,0.65,675
1927,Laptop,Dell,grey,0.9,575
1928,Laptop,Dell,black,0.75,775
1929,Laptop,Dell,grey,0.7,575
1930,Laptop,Dell,grey,0.55,375
1931,Laptop,Dell,black,0.4,275
1932,Laptop,Dell,grey,0.9,725
1933,Laptop,Dell,grey,0.65,525
1934,Laptop,Dell,black,0.95,575
1935,Laptop,Dell,black,0.8,675
1936,Laptop,Dell,grey,0.7,725
1937,Laptop,Dell,grey,0.7,575
1938,Laptop,Dell,black,0.9,875
1939,Laptop,Dell,black,0.8,775
1940,Laptop,Dell,black,0.9,825
1941,Laptop,Dell,black,0.6,375
1942,Laptop,Dell,grey,0.4,275
1943,Laptop,Dell,black,0.75,725
1944,Laptop,Dell,black,0.8,625
1945,Laptop,Dell,black,0.95,675
1946,Laptop,Dell,black,0.65,625
1947,Laptop,Dell,grey,0.75,575
1948,Laptop,Dell,grey,0.6,625
1949,Laptop,Dell,grey,0.45,475
1950,Laptop,Dell,grey,0.45,325
1951,Laptop,Dell,black,0.8,525
1952,Laptop,Dell,grey,0.45,275
1953,Laptop,Dell,black,0.75,725
1954,Laptop,Dell,black,0.85,875
1955,Laptop,Dell,grey,0.5,475
1956,Laptop,Dell,black,0.75,725
1957,Laptop,Dell,black,0.95,875
1958,Laptop,Dell,grey,0.7,525
1959,Laptop,Dell,grey,0.45,325
1960,Laptop,Dell,black,0.7,725
1961,Laptop,Dell,grey,0.65,675
1962,Laptop,Dell,black,0.85,775
1963,Laptop,Dell,black,0.45,275
1964,Laptop,Dell,black,0.85,875
1965,Laptop,Dell,grey,0.85,725
1966,Laptop,Dell,grey,0.4,275
1967,Laptop,Dell,grey,0.6,475
1968,Laptop,Dell,grey,0.8,475
1969,Laptop,Dell,black,0.8,825
1970,Laptop,Dell,grey,0.85,775
1971,Laptop,Dell,black,0.4,375
1972,Laptop,Dell,grey,0.85,875
1973,Laptop,Dell,black,0.65,675
1974,Laptop,Dell,grey,0.5,425
1975,Laptop,Dell,grey,0.55,425
1976,Laptop,Dell,grey,0.75,775
1977,Laptop,Dell,grey,0.8,625
1978,Laptop,Dell,grey,0.55,475
1979,Laptop,Dell,grey,0.9,875
1980,Laptop,Dell,black,0.45,475
1981,Laptop,Dell,grey,0.9,975
1982,Laptop,Dell,black,0.65,425
1983,Laptop,Dell,black,0.4,275
1984,Laptop,Dell,black,0.45,475
1985,Laptop,Dell,black,0.95,925
1986,Laptop,Dell,black,0.5,425
1987,Laptop,Dell,black,0.6,625
1988,Laptop,Dell,grey,0.9,575
1989,Laptop,Dell,grey,0.55,525
1990,Laptop,Dell,black,0.65,575
1991,Laptop,Dell,black,0.75,725
1992,Laptop,Dell,black,0.85,925
1993,Laptop,Dell,black,0.6,425
1994,Laptop,Dell,black,0.8,575
1995,Laptop,Dell,grey,0.45,325
1996,Laptop,Dell,grey,0.65,375
1997,Laptop,Dell,grey,0.4,275
1998,Laptop,Dell,black,0.8,775
1999,Laptop,Dell,black,0.45,425
2000,Laptop,Dell,grey,0.75,575
2001,Laptop,Dell,black,0.8,525
2002,Laptop,Dell,grey,0.5,325
2003,Laptop,Dell,black,0.55,475
2004,Laptop,Dell,grey,0.85,525
2005,Laptop,Dell,black,0.4,375
2006,Laptop,Dell,black,0.85,625
2007,Laptop,Dell,grey,0.6,525
2008,Laptop,Dell,black,0.55,575
2009,Laptop,Dell,grey,0.55,575
2010,Laptop,Dell,grey,0.8,625
2011,Laptop,Dell,grey,0.8,725
2012,Laptop,Dell,grey,0.45,375
2013,Laptop,Dell,black,0.65,575
2014,Laptop,Dell,grey,0.9,775
2015,Laptop,Dell,grey,0.65,425
2016,Laptop,Dell,black,0.95,725
2017,Laptop,Dell,black,0.4,425
2018,Laptop,Dell,grey,0.9,925
2019,Laptop,Dell,black,0.95,575
2020,Laptop,Dell,grey,0.85,675
2021,Laptop,Dell,grey,0.55,425
2022,Laptop,Dell,grey,0.85,875
2023,Laptop,Dell,grey,0.95,975
2024,Laptop,Dell,grey,0.65,475
2025,Laptop,Dell,black,0.95,1025
2026,Laptop,Dell,black,0.65,525
2027,Laptop,Dell,grey,0.5,325
2028,Laptop,Dell,grey,0.9,675
2029,Laptop,Dell,grey,0.7,575
2030,Laptop,Dell,black,0.95,975
2031,Laptop,Dell,grey,0.65,625
2032,Laptop,Dell,black,0.6,425
2033,Laptop,Dell,black,0.65,525
2034,Laptop,Dell,grey,0.6,375
2035,Laptop,Dell,black,0.8,675
2036,Camera,Nikon,black,0.85,475
2037,Camera,Panasonic,black,0.9,375
2038,Camera,Panasonic,black,0.65,325
2039,Camera,Canon,black,0.8,225
2040,Camera,Nikon,black,0.95,475
2041,Camera,Panasonic,black,0.65,275
2042,Camera,Canon,black,0.9,425
2043,Camera,Nikon,black,0.9,375
2044,Camera,Nikon,black,0.6,225
2045,Camera,Sony,black,0.95,325
2046,Camera,Nikon,black,0.6,325
2047,Camera,Sony,black,0.95,375
2048,Camera,Nikon,black,0.95,425
2049,Camera,Sony,black,0.6,325
2050,Camera,Canon,black,0.9,375
2051,Camera,Panasonic,black,0.75,425
2052,Camera,Panasonic,black,0.75,325
2053,Camera,Canon,black,0.9,425
2054,Camera,Canon,black,0.85,275
2055,Camera,Panasonic,black,0.9,375
2056,Camera,Nikon,black,0.6,275
2057,Camera,Sony,black,0.8,325
2058,Camera,Nikon,black,0.75,275
2059,Camera,Nikon,black,0.8,375
2060,Camera,Nikon,black,0.6,225
2061,Camera,Sony,black,0.85,475
2062,Camera,Nikon,black,0.9,525
2063,Camera,Panasonic,black,0.95,525
2064,Camera,Sony,black,0.9,325
2065,Camera,Nikon,black,0.7,325
2066,Camera,Nikon,black,0.95,325
2067,Camera,Panasonic,black,0.95,475
2068,Camera,Sony,black,0.65,275
2069,Camera,Panasonic,black,0.65,225
2070,Camera,Canon,black,0.6,325
2071,Camera,Sony,black,0.95,375
2072,Camera,Panasonic,black,0.9,325
2073,Camera,Panasonic,black,0.65,275
2074,Camera,Nikon,black,0.6,225
2075,Camera,Sony,black,0.65,325
2076,Camera,Nikon,black,0.75,325
2077,Camera,Sony,black,0.8,325
2078,Camera,Canon,black,0.7,225
2079,Camera,Canon,black,0.75,375
2080,Camera,Canon,black,0.95,575
2081,Camera,Panasonic,black,0.65,375
2082,Camera,Nikon,black,0.8,375
2083,Camera,Nikon,black,0.95,425
2084,Camera,Canon,black,0.75,425
2085,Camera,Nikon,black,0.95,425
2086,Camera,Panasonic,black,0.65,225
2087,Camera,Panasonic,black,0.7,275
2088,Camera,Nikon,black,0.8,425
2089,Camera,Nikon,black,0.6,175
2090,Camera,Sony,black,0.65,325
2091,Camera,Canon,black,0.8,425
2092,Camera,Panasonic,black,0.6,225
2093,Camera,Sony,black,0.65,225
2094,Camera,Panasonic,black,0.85,475
2095,Camera,Nikon,black,0.75,425
2096,Camera,Panasonic,black,0.8,425
2097,Camera,Panasonic,black,0.95,375
2098,Camera,Nikon,black,0.8,425
2099,Camera,Canon,black,0.8,275
2100,Camera,Sony,black,0.8,425
2101,Camera,Sony,black,0.8,425
2102,Camera,Nikon,black,0.8,275
2103,Camera,Nikon,black,0.95,375
2104,Camera,Nikon,black,0.85,475
2105,Camera,Nikon,black,0.6,325
2106,Camera,Nikon,black,0.75,325
2107,Camera,Nikon,black,0.75,325
2108,Camera,Panasonic,black,0.75,375
2109,Camera,Nikon,black,0.95,375
2110,Camera,Nikon,black,0.9,325
2111,Camera,Nikon,black,0.65,325
2112,Camera,Nikon,black,0.85,425
2113,Camera,Canon,black,0.65,325
2114,Camera,Canon,black,0.95,425
2115,Camera,Sony,black,0.8,375
2116,Camera,Nikon,black,0.7,325
2117,Camera,Sony,black,0.65,325
2118,Camera,Sony,black,0.75,425
2119,Camera,Panasonic,black,0.6,325
2120,Camera,Canon,black,0.75,375
2121,Camera,Nikon,black,0.6,275
2122,Camera,Panasonic,black,0.8,475
2123,Camera,Sony,black,0.8,325
2124,Camera,Panasonic,black,0.7,425
2125,Camera,Canon,black,0.95,525
2126,Camera,Sony,black,0.75,325
2127,Camera,Sony,black,0.7,275
2128,Camera,Sony,black,0.6,175
2129,Camera,Nikon,black,0.8,275
2130,Camera,Panasonic,black,0.75,275
2131,Camera,Panasonic,black,0.7,275
2132,Camera,Panasonic,black,0.65,325
2133,Camera,Sony,black,0.95,425
2134,Camera,Sony,black,0.8,325
2135,Camera,Canon,black,0.9,475
2136,Camera,Panasonic,black,0.95,375
2137,Camera,Nikon,black,0.75,325
2138,Camera,Canon,black,0.7,375
2139,Camera,Nikon,black,0.95,525
2140,Camera,Panasonic,black,0.95,425
2141,Camera,Nikon,black,0.9,475
2142,Camera,Canon,black,0.6,325
2143,Camera,Nikon,black,0.65,375
2144,Camera,Sony,black,0.75,425
2145,Camera,Panasonic,black,0.7,225
2146,Camera,Canon,black,0.85,275
2147,Camera,Panasonic,black,0.9,425
2148,Camera,Panasonic,black,0.75,275
2149,Camera,Nikon,black,0.85,375
2150,Camera,Panasonic,black,0.65,375
2151,Camera,Sony,black,0.85,425
2152,Camera,Nikon,black,0.95,425
2153,Camera,Canon,black,0.8,275
2154,Camera,Sony,black,0.95,375
2155,Camera,Sony,black,0.65,275
2156,Camera,Panasonic,black,0.9,275
2157,Camera,Sony,black,0.9,325
2158,Camera,Nikon,black,0.6,225
2159,Camera,Sony,black,0.95,325
2160,Camera,Panasonic,black,0.6,325
2161,Camera,Nikon,black,0.75,375
2162,Camera,Sony,black,0.8,375
2163,Camera,Nikon,black,0.85,375
2164,Camera,Nikon,black,0.75,425
2165,Camera,Sony,black,0.9,475
2166,Camera,Panasonic,black,0.8,375
2167,Camera,Canon,black,0.9,325
2168,Camera,Nikon,black,0.7,275
2169,Camera,Panasonic,black,0.75,325
2170,Camera,Panasonic,black,0.85,425
2171,Camera,Sony,black,0.95,525
2172,Camera,Canon,black,0.9,325
2173,Camera,Panasonic,black,0.6,275
2174,Camera,Sony,black,0.9,325
2175,Camera,Canon,black,0.75,275
2176,Camera,Nikon,black,0.75,225
2177,Camera,Nikon,black,0.8,325
2178,Camera,Sony,black,0.95,475
2179,Camera,Panasonic,black,0.65,225
2180,Camera,Panasonic,black,0.65,375
2181,Camera,Canon,black,0.7,225
2182,Camera,Canon,black,0.7,225
2183,Camera,Sony,black,0.7,425
2184,Camera,Canon,black,0.75,375
2185,Camera,Nikon,black,0.75,425
2186,Camera,Nikon,black,0.9,275
2187,Camera,Nikon,black,0.75,325
2188,Camera,Panasonic,black,0.8,425
2189,Camera,Sony,black,0.75,375
2190,Camera,Sony,black,0.6,225
2191,Camera,Panasonic,black,0.8,275
2192,Camera,Canon,black,0.9,325
2193,Camera,Canon,black,0.7,325
2194,Camera,Nikon,black,0.85,275
2195,Camera,Panasonic,black,0.9,525
2196,Camera,Sony,black,0.8,375
2197,Camera,Sony,black,0.9,325
2198,Camera,Sony,black,0.7,225
2199,Camera,Canon,black,0.85,375
2200,Camera,Canon,black,0.65,325
2201,Camera,Sony,black,0.8,425
2202,Camera,Panasonic,black,0.7,325
2203,Camera,Canon,black,0.6,175
2204,Camera,Nikon,black,0.8,375
2205,Camera,Canon,black,0.8,425
2206,Camera,Sony,black,0.6,275
2207,Camera,Nikon,black,0.95,575
2208,Camera,Panasonic,black,0.75,325
2209,Camera,Canon,black,0.6,325
2210,Camera,Nikon,black,0.8,475
2211,Camera,Sony,black,0.9,325
2212,Camera,Nikon,black,0.7,425
2213,Camera,Nikon,black,0.65,275
2214,Camera,Sony,black,0.7,225
2215,Camera,Canon,black,0.7,375
2216,Camera,Panasonic,black,0.85,425
2217,Camera,Nikon,black,0.75,325
2218,Camera,Canon,black,0.75,225
2219,Camera,Sony,black,0.6,325
2220,Camera,Panasonic,black,0.65,375
2221,Camera,Sony,black,0.95,325
2222,Camera,Canon,black,0.95,325
2223,Camera,Canon,black,0.65,375
2224,Camera,Sony,black,0.6,275
2225,Camera,Sony,black,0.75,425
2226,Camera,Panasonic,black,0.85,375
2227,Camera,Nikon,black,0.65,225
2228,Camera,Sony,black,0.8,275
2229,Camera,Nikon,black,0.85,325
2230,Camera,Canon,black,0.6,275
2231,Camera,Nikon,black,0.95,475
2232,Camera,Nikon,black,0.95,325
2233,Camera,Nikon,black,0.9,325
2234,Camera,Panasonic,black,0.9,375
2235,Camera,Sony,black,0.85,325
2236,Camera,Canon,black,0.8,425
2237,Camera,Sony,black,0.9,425
2238,Camera,Sony,black,0.75,325
2239,Camera,Panasonic,black,0.75,375
2240,Camera,Nikon,black,0.8,275
2241,Camera,Sony,black,0.8,325
2242,Camera,Sony,black,0.6,325
2243,Camera,Nikon,black,0.75,375
2244,Camera,Sony,black,0.85,325
2245,Camera,Panasonic,black,0.85,475
2246,Camera,Canon,black,0.65,275
2247,Camera,Panasonic,black,0.85,375
2248,Camera,Sony,black,0.95,275
2249,Camera,Sony,black,0.6,225
2250,Camera,Panasonic,black,0.75,425
2251,Camera,Canon,black,0.65,275
2252,Camera,Canon,black,0.7,275
2253,Camera,Canon,black,0.75,325
2254,Camera,Nikon,black,0.8,475
2255,Camera,Sony,black,0.7,325
2256,Camera,Panasonic,black,0.9,325
2257,Camera,Canon,black,0.8,425
2258,Camera,Sony,black,0.7,225
2259,Camera,Nikon,black,0.6,375
2260,Camera,Canon,black,0.9,475
2261,Camera,Panasonic,black,0.8,275
2262,Camera,Canon,black,0.75,275
2263,Camera,Canon,black,0.75,375
2264,Camera,Sony,black,0.8,475
2265,Camera,Nikon,black,0.8,225
2266,Camera,Canon,black,0.8,275
2267,Camera,Panasonic,black,0.95,475
2268,Camera,Panasonic,black,0.7,425
2269,Camera,Panasonic,black,0.85,375
2270,Camera,Sony,black,0.7,375
2271,Camera,Nikon,black,0.75,275
2272,Camera,Panasonic,black,0.7,225
2273,Camera,Canon,black,0.85,275
2274,Camera,Sony,black,0.7,325
2275,Camera,Sony,black,0.85,375
2276,Camera,Nikon,black,0.75,325
2277,Camera,Canon,black,0.8,475
2278,Camera,Nikon,black,0.9,425
2279,Camera,Nikon,black,0.7,225
2280,Camera,Canon,black,0.75,375
2281,Camera,Panasonic,black,0.6,175
2282,Camera,Nikon,black,0.9,525
2283,Camera,Nikon,black,0.8,475
2284,Camera,Panasonic,black,0.75,425
2285,Camera,Nikon,black,0.6,275
2286,Camera,Nikon,black,0.9,425
2287,Camera,Canon,black,0.95,375
2288,Camera,Panasonic,black,0.7,225
2289,Camera,Canon,black,0.65,225
2290,Camera,Panasonic,black,0.6,175
2291,Camera,Canon,black,0.85,475
2292,Camera,Canon,black,0.75,325
2293,Camera,Panasonic,black,0.7,375
2294,Camera,Canon,black,0.9,275
2295,Camera,Panasonic,black,0.85,375
2296,Camera,Sony,black,0.75,325
2297,Camera,Sony,black,0.6,325
2298,Camera,Nikon,black,0.7,275
2299,Camera,Nikon,black,0.95,525
2300,Camera,Panasonic,black,0.95,375
2301,Camera,Sony,black,0.75,425
2302,Camera,Panasonic,black,0.7,325
2303,Camera,Sony,black,0.7,275
2304,Camera,Sony,black,0.9,275
2305,Camera,Canon,black,0.85,475
2306,Camera,Nikon,black,0.6,325
2307,Camera,Sony,black,0.95,525
2308,Camera,Panasonic,black,0.75,375
2309,Camera,Nikon,black,0.85,475
2310,Camera,Canon,black,0.85,375
2311,Camera,Nikon,black,0.6,275
2312,Camera,Nikon,black,0.7,275
2313,Camera,Nikon,black,0.95,575
2314,Camera,Nikon,black,0.7,225
2315,Camera,Nikon,black,0.75,275
2316,Camera,Panasonic,black,0.75,375
2317,Camera,Sony,black,0.85,475
2318,Camera,Canon,black,0.6,325
2319,Camera,Sony,black,0.7,275
2320,Camera,Panasonic,black,0.8,425
2321,Camera,Canon,black,0.7,325
2322,Camera,Nikon,black,0.75,375
2323,Camera,Canon,black,0.75,425
2324,Camera,Sony,black,0.75,375
2325,Camera,Canon,black,0.6,275
2326,Camera,Nikon,black,0.8,275
2327,Camera,Canon,black,0.9,525
2328,Camera,Sony,black,0.65,375
2329,Camera,Sony,black,0.95,525
2330,Camera,Canon,black,0.85,425
2331,Camera,Canon,black,0.85,525
2332,Camera,Panasonic,black,0.9,325
2333,Camera,Nikon,black,0.6,275
2334,Camera,Panasonic,black,0.65,225
2335,Camera,Sony,black,0.6,325
2336,Camera,Panasonic,black,0.75,325
2337,Camera,Sony,black,0.6,325
2338,Camera,Canon,black,0.85,325
2339,Camera,Nikon,black,0.65,275
2340,Camera,Nikon,black,0.85,425
2341,Camera,Panasonic,black,0.85,325
2342,Camera,Nikon,black,0.8,275
2343,Camera,Sony,black,0.65,275
2344,Camera,Panasonic,black,0.6,325
2345,Camera,Canon,black,0.95,375
2346,Camera,Panasonic,black,0.8,375
2347,Camera,Sony,black,0.7,225
2348,Camera,Nikon,black,0.8,275
2349,Camera,Nikon,black,0.8,425
2350,Camera,Nikon,black,0.7,225
2351,Camera,Canon,black,0.8,275
2352,Camera,Canon,black,0.7,325
2353,Camera,Nikon,black,0.8,425
2354,Camera,Sony,black,0.6,275
2355,Camera,Sony,black,0.65,275
2356,Camera,Sony,black,0.95,325
2357,Camera,Sony,black,0.6,275
2358,Camera,Nikon,black,0.75,375
2359,Camera,Canon,black,0.7,275
2360,Camera,Sony,black,0.95,375
2361,Camera,Nikon,black,0.6,275
2362,Camera,Nikon,black,0.7,275
2363,Camera,Nikon,black,0.6,175
2364,Camera,Nikon,black,0.8,275
2365,Camera,Panasonic,black,0.6,225
2366,Camera,Sony,black,0.8,375
2367,Camera,Nikon,black,0.85,375
2368,Camera,Panasonic,black,0.7,325
2369,Camera,Nikon,black,0.65,225
2370,Camera,Nikon,black,0.8,475
2371,Camera,Nikon,black,0.95,375
2372,Camera,Sony,black,0.8,375
2373,Camera,Nikon,black,0.8,475
2374,Camera,Canon,black,0.65,325
2375,Camera,Sony,black,0.9,525
2376,Camera,Sony,black,0.8,375
2377,Camera,Nikon,black,0.75,375
2378,Camera,Sony,black,0.8,275
2379,Camera,Panasonic,black,0.7,275
2380,Camera,Nikon,black,0.65,225
2381,Camera,Nikon,black,0.7,275
2382,Camera,Sony,black,0.6,325
2383,Camera,Panasonic,black,0.75,325
2384,Camera,Panasonic,black,0.6,225
2385,Camera,Canon,black,0.9,375
2386,Camera,Sony,black,0.8,275
2387,Camera,Sony,black,0.6,325
2388,Camera,Panasonic,black,0.6,275
2389,Camera,Panasonic,black,0.8,275
2390,Camera,Canon,black,0.6,275
2391,Camera,Nikon,black,0.65,225
2392,Camera,Canon,black,0.65,325
2393,Camera,Sony,black,0.65,325
2394,Camera,Nikon,black,0.7,375
2395,Camera,Nikon,black,0.95,475
2396,Camera,Canon,black,0.8,275
2397,Camera,Nikon,black,0.9,325
2398,Camera,Sony,black,0.75,375
2399,Camera,Sony,black,0.85,375
2400,Camera,Panasonic,black,0.75,425
2401,Camera,Nikon,black,0.6,225
2402,Camera,Panasonic,black,0.6,225
2403,Camera,Sony,black,0.9,525
2404,Camera,Nikon,black,0.65,275
2405,Camera,Panasonic,black,0.65,375
2406,Camera,Canon,black,0.7,375
2407,Camera,Nikon,black,0.85,475
2408,Camera,Canon,black,0.75,425
2409,Camera,Panasonic,black,0.75,275
2410,Camera,Panasonic,black,0.7,375
2411,Camera,Sony,black,0.75,275
2412,Camera,Canon,black,0.85,325
2413,Camera,Sony,black,0.75,375
2414,Camera,Sony,black,0.9,425
2415,Camera,Panasonic,black,0.6,325
2416,Camera,Nikon,black,0.85,325
2417,Camera,Canon,black,0.9,325
2418,Camera,Panasonic,black,0.8,275
2419,Camera,Panasonic,black,0.85,425
2420,Camera,Nikon,black,0.8,425
2421,Camera,Sony,black,0.6,225
2422,Camera,Panasonic,black,0.85,525
2423,Camera,Nikon,black,0.95,525
2424,Camera,Nikon,black,0.65,225
2425,Camera,Sony,black,0.9,475
2426,Camera,Nikon,black,0.75,325
2427,Camera,Canon,black,0.6,275
2428,Camera,Panasonic,black,0.65,225
2429,Camera,Canon,black,0.95,525
2430,Camera,Nikon,black,0.85,325
2431,Camera,Canon,black,0.8,275
2432,Camera,Sony,black,0.75,425
2433,Camera,Panasonic,black,0.8,475
2434,Camera,Nikon,black,0.65,275
2435,Camera,Panasonic,black,0.95,525
2436,Camera,Canon,black,0.75,425
2437,Camera,Panasonic,black,0.65,275
2438,Camera,Panasonic,black,0.8,325
2439,Camera,Sony,black,0.95,425
2440,Camera,Sony,black,0.8,275
2441,Camera,Nikon,black,0.8,375
2442,Camera,Panasonic,black,0.8,375
2443,Camera,Sony,black,0.95,425
2444,Camera,Sony,black,0.6,275
2445,Camera,Panasonic,black,0.9,375
2446,Camera,Canon,black,0.95,475
2447,Camera,Canon,black,0.9,475
2448,Camera,Panasonic,black,0.9,475
2449,Camera,Panasonic,black,0.65,325
2450,Camera,Panasonic,black,0.7,275
2451,Camera,Canon,black,0.6,375
2452,Camera,Panasonic,black,0.95,525
2453,Camera,Canon,black,0.95,575
2454,Camera,Canon,black,0.85,475
2455,Camera,Panasonic,black,0.85,475
2456,Camera,Nikon,black,0.7,425
2457,Camera,Sony,black,0.95,525
2458,Camera,Nikon,black,0.9,375
2459,Camera,Panasonic,black,0.7,225
2460,Camera,Canon,black,0.6,225
2461,Camera,Canon,black,0.95,475
2462,Camera,Sony,black,0.65,275
2463,Camera,Canon,black,0.95,575
2464,Camera,Canon,black,0.85,475
2465,Camera,Nikon,black,0.8,275
2466,Camera,Sony,black,0.9,425
2467,Camera,Nikon,black,0.9,425
2468,Camera,Canon,black,0.8,325
2469,Camera,Nikon,black,0.75,225
2470,Camera,Canon,black,0.9,425
2471,Camera,Nikon,black,0.9,525
2472,Camera,Sony,black,0.9,475
2473,Camera,Canon,black,0.6,175
2474,Camera,Nikon,black,0.65,275
2475,Camera,Panasonic,black,0.95,475
2476,Camera,Nikon,black,0.9,475
2477,Camera,Nikon,black,0.6,175
2478,Camera,Nikon,black,0.85,525
2479,Camera,Panasonic,black,0.85,275
2480,Camera,Sony,black,0.85,275
2481,Camera,Sony,black,0.65,325
2482,Camera,Nikon,black,0.75,325
2483,Camera,Canon,black,0.8,325
2484,Camera,Panasonic,black,0.7,375
2485,Camera,Panasonic,black,0.7,275
2486,Camera,Nikon,black,0.6,325
2487,Camera,Sony,black,0.6,325
2488,Camera,Nikon,black,0.65,325
2489,Camera,Panasonic,black,0.75,325
2490,Camera,Nikon,black,0.8,325
2491,Camera,Panasonic,black,0.8,375
2492,Camera,Panasonic,black,0.85,525
2493,Camera,Nikon,black,0.8,375
2494,Camera,Sony,black,0.95,375
2495,Camera,Panasonic,black,0.9,325
2496,Camera,Canon,black,0.9,375
2497,Camera,Panasonic,black,0.65,275
2498,Camera,Nikon,black,0.7,325
2499,Camera,Panasonic,black,0.6,325
2500,Camera,Canon,black,0.95,525
2501,Camera,Nikon,black,0.85,375
2502,Camera,Sony,black,0.75,225
2503,Camera,Panasonic,black,0.85,425
2504,Camera,Nikon,black,0.85,275
2505,Camera,Canon,black,0.6,275
2506,Camera,Nikon,black,0.95,475
2507,Camera,Canon,black,0.85,375
2508,Camera,Canon,black,0.6,275
2509,Camera,Nikon,black,0.9,325
2510,Camera,Panasonic,black,0.75,275
2511,Camera,Canon,black,0.75,225
2512,Camera,Canon,black,0.95,375
2513,Camera,Canon,black,0.6,175
2514,Camera,Panasonic,black,0.7,225
2515,Camera,Sony,black,0.95,325
2516,Camera,Sony,black,0.9,425
2517,Camera,Panasonic,black,0.75,325
2518,Camera,Panasonic,black,0.95,575
2519,Camera,Panasonic,black,0.65,375
2520,Camera,Panasonic,black,0.8,325
2521,Camera,Sony,black,0.8,275
2522,Camera,Canon,black,0.75,325
2523,Camera,Sony,black,0.8,375
2524,Camera,Canon,black,0.75,425
2525,Camera,Sony,black,0.85,375
2526,Camera,Sony,black,0.85,475
2527,Camera,Sony,black,0.65,375
2528,Camera,Sony,black,0.6,225
2529,Camera,Canon,black,0.95,475
2530,Camera,Sony,black,0.6,325
2531,Camera,Sony,black,0.6,325
2532,Camera,Canon,black,0.85,325
2533,Camera,Panasonic,black,0.8,325
2534,Camera,Canon,black,0.65,175
2535,Camera,Nikon,black,0.8,325
2536,Camera,Canon,black,0.9,425
2537,Camera,Nikon,black,0.75,425
2538,Camera,Panasonic,black,0.85,425
2539,Camera,Nikon,black,0.7,375
2540,Camera,Canon,black,0.85,425
2541,Camera,Nikon,black,0.95,375
2542,Camera,Sony,black,0.95,425
2543,Camera,Canon,black,0.9,375
2544,Camera,Sony,black,0.6,225
2545,Camera,Panasonic,black,0.65,375
2546,Camera,Panasonic,black,0.75,425
2547,Camera,Panasonic,black,0.6,275
2548,Camera,Panasonic,black,0.8,325
2549,Camera,Sony,black,0.8,425
2550,Camera,Panasonic,black,0.95,525
2551,Camera,Canon,black,0.65,325
2552,Camera,Panasonic,black,0.85,475
2553,Camera,Sony,black,0.65,225
2554,Camera,Sony,black,0.7,225
2555,Camera,Nikon,black,0.7,275
2556,Camera,Canon,black,0.8,225
2557,Camera,Sony,black,0.6,325
2558,Camera,Panasonic,black,0.95,325
2559,Camera,Sony,black,0.65,275
2560,Camera,Nikon,black,0.9,275
2561,Camera,Sony,black,0.65,325
2562,Camera,Sony,black,0.8,325
2563,Camera,Canon,black,0.65,325
2564,Camera,Panasonic,black,0.8,425
2565,Camera,Canon,black,0.65,375
2566,Camera,Panasonic,black,0.85,425
2567,Camera,Panasonic,black,0.9,525
2568,Camera,Canon,black,0.9,375
2569,Camera,Canon,black,0.85,525
2570,Camera,Sony,black,0.75,275
2571,Camera,Panasonic,black,0.85,325
2572,Camera,Sony,black,0.7,225
2573,Camera,Sony,black,0.65,225
2574,Camera,Panasonic,black,0.75,225
2575,Camera,Nikon,black,0.6,275
2576,Camera,Sony,black,0.8,275
2577,Camera,Canon,black,0.7,275
2578,Camera,Nikon,black,0.85,475
2579,Camera,Canon,black,0.75,325
2580,Camera,Nikon,black,0.9,425
2581,Camera,Sony,black,0.85,425
2582,Camera,Sony,black,0.95,475
2583,Camera,Sony,black,0.6,225
2584,Camera,Canon,black,0.9,425
2585,Camera,Sony,black,0.85,325
2586,Camera,Canon,black,0.9,475
2587,Camera,Canon,black,0.8,325
2588,Camera,Nikon,black,0.85,375
2589,Camera,Panasonic,black,0.75,225
2590,Camera,Panasonic,black,0.9,325
2591,Camera,Panasonic,black,0.75,325
2592,Camera,Panasonic,black,0.7,275
2593,Camera,Nikon,black,0.7,375
2594,Camera,Sony,black,0.85,475
2595,Camera,Canon,black,0.95,375
2596,Camera,Panasonic,black,0.7,425
2597,Camera,Canon,black,0.65,275
2598,Camera,Nikon,black,0.75,425
2599,Camera,Canon,black,0.75,425
2600,Camera,Panasonic,black,0.95,325
2601,Camera,Canon,black,0.85,475
2602,Camera,Nikon,black,0.7,375
2603,Camera,Sony,black,0.65,275
2604,Camera,Panasonic,black,0.7,275
2605,Camera,Panasonic,black,0.75,375
2606,Camera,Panasonic,black,0.9,425
2607,Camera,Canon,black,0.7,325
2608,Camera,Nikon,black,0.7,275
2609,Camera,Nikon,black,0.7,225
2610,Camera,Sony,black,0.9,475
2611,Camera,Panasonic,black,0.9,325
2612,Camera,Canon,black,0.6,325
2613,Camera,Canon,black,0.85,325
2614,Camera,Sony,black,0.65,225
2615,Camera,Panasonic,black,0.8,325
2616,Camera,Sony,black,0.9,525
2617,Camera,Sony,black,0.65,375
2618,Camera,Canon,black,0.95,525
2619,Camera,Canon,black,0.95,575
2620,Camera,Canon,black,0.95,325
2621,Camera,Nikon,black,0.6,275
2622,Camera,Panasonic,black,0.7,375
2623,Camera,Sony,black,0.95,325
2624,Camera,Nikon,black,0.85,375
2625,Camera,Nikon,black,0.65,275
2626,Camera,Nikon,black,0.75,375
2627,Camera,Nikon,black,0.7,375
2628,Camera,Canon,black,0.8,375
2629,Camera,Panasonic,black,0.8,425
2630,Camera,Panasonic,black,0.7,275
2631,Camera,Sony,black,0.95,475
2632,Camera,Panasonic,black,0.65,225
2633,Camera,Sony,black,0.8,325
2634,Camera,Panasonic,black,0.7,225
2635,Camera,Panasonic,black,0.7,275
2636,Camera,Canon,black,0.8,375
2637,Camera,Canon,black,0.65,375
2638,Camera,Nikon,black,0.7,375
2639,Camera,Panasonic,black,0.85,375
2640,Camera,Canon,black,0.75,225
2641,Camera,Panasonic,black,0.8,475
2642,Camera,Panasonic,black,0.65,275
2643,Camera,Sony,black,0.85,475
2644,Camera,Nikon,black,0.75,375
2645,Camera,Nikon,black,0.75,275
2646,Camera,Sony,black,0.8,375
2647,Camera,Panasonic,black,0.8,425
2648,Camera,Canon,black,0.7,275
2649,Camera,Nikon,black,0.75,375
2650,Camera,Nikon,black,0.85,425
2651,Camera,Sony,black,0.7,375
2652,Camera,Sony,black,0.7,425
2653,Camera,Sony,black,0.9,325
2654,Camera,Sony,black,0.8,475
2655,Camera,Nikon,black,0.95,375
2656,Camera,Canon,black,0.8,425
2657,Camera,Nikon,black,0.7,375
2658,Camera,Panasonic,black,0.7,275
2659,Camera,Nikon,black,0.75,225
2660,Camera,Sony,black,0.6,375
2661,Camera,Panasonic,black,0.85,325
2662,Camera,Nikon,black,0.7,225
2663,Camera,Canon,black,0.75,275
2664,Camera,Panasonic,black,0.7,275
2665,Camera,Nikon,black,0.6,275
2666,Camera,Nikon,black,0.75,425
2667,Camera,Canon,black,0.7,225
2668,Camera,Panasonic,black,0.65,325
2669,Camera,Panasonic,black,0.95,375
2670,Camera,Nikon,black,0.95,275
2671,Camera,Nikon,black,0.7,375
2672,Camera,Sony,black,0.85,375
2673,Camera,Panasonic,black,0.75,275
2674,Camera,Canon,black,0.85,475
2675,Camera,Sony,black,0.85,275
2676,Camera,Sony,black,0.75,425
2677,Camera,Panasonic,black,0.7,275
2678,Camera,Panasonic,black,0.8,275
2679,Camera,Panasonic,black,0.95,375
2680,Camera,Nikon,black,0.95,325
2681,Camera,Sony,black,0.85,375
2682,Camera,Panasonic,black,0.95,375
2683,Camera,Nikon,black,0.7,325
2684,Camera,Canon,black,0.85,475
2685,Camera,Canon,black,0.7,325
2686,Camera,Panasonic,black,0.75,275
2687,Camera,Sony,black,0.75,275
2688,Camera,Canon,black,0.85,325
2689,Camera,Canon,black,0.95,525
2690,Camera,Canon,black,0.6,225
2691,Camera,Sony,black,0.9,525
2692,Camera,Nikon,black,0.7,375
2693,Camera,Canon,black,0.85,375
2694,Camera,Panasonic,black,0.75,375
2695,Camera,Canon,black,0.9,275
2696,Camera,Panasonic,black,0.95,425
2697,Camera,Canon,black,0.7,325
2698,Camera,Canon,black,0.85,325
2699,Camera,Sony,black,0.95,325
2700,Camera,Sony,black,0.75,425
2701,Camera,Canon,black,0.8,375
2702,Camera,Sony,black,0.7,275
2703,Camera,Canon,black,0.85,275
2704,Camera,Nikon,black,0.7,225
2705,Camera,Canon,black,0.9,275
2706,Camera,Nikon,black,0.6,325
2707,Camera,Canon,black,0.6,325
2708,Camera,Panasonic,black,0.8,425
2709,Camera,Canon,black,0.8,475
2710,Camera,Panasonic,black,0.85,425
2711,Camera,Panasonic,black,0.85,475
2712,Camera,Panasonic,black,0.7,225
2713,Camera,Sony,black,0.9,525
2714,Camera,Panasonic,black,0.9,375
2715,Camera,Nikon,black,0.95,375
2716,Camera,Sony,black,0.9,525
2717,Camera,Sony,black,0.9,275
2718,Camera,Canon,black,0.95,275
2719,Camera,Panasonic,black,0.95,425
2720,Camera,Nikon,black,0.65,325
2721,Camera,Panasonic,black,0.8,275
2722,Camera,Canon,black,0.95,325
2723,Camera,Canon,black,0.95,375
2724,Camera,Panasonic,black,0.95,575
2725,Camera,Canon,black,0.6,275
2726,Camera,Panasonic,black,0.75,425
2727,Camera,Panasonic,black,0.65,225
2728,Camera,Sony,black,0.65,225
2729,Camera,Panasonic,black,0.95,575
2730,Camera,Panasonic,black,0.8,375
2731,Camera,Panasonic,black,0.95,525
2732,Camera,Panasonic,black,0.75,425
2733,Camera,Sony,black,0.7,325
2734,Camera,Sony,black,0.85,325
2735,Camera,Panasonic,black,0.7,375
2736,Camera,Nikon,black,0.9,375
2737,Camera,Nikon,black,0.65,325
2738,Camera,Canon,black,0.9,475
2739,Camera,Nikon,black,0.65,225
2740,Camera,Canon,black,0.85,325
2741,Camera,Nikon,black,0.7,375
2742,Camera,Sony,black,0.6,325
2743,Camera,Canon,black,0.9,275
2744,Camera,Sony,black,0.75,275
2745,Camera,Panasonic,black,0.8,475
2746,Camera,Sony,black,0.8,325
2747,Camera,Panasonic,black,0.8,375
2748,Camera,Nikon,black,0.95,375
2749,Camera,Nikon,black,0.95,375
2750,Camera,Canon,black,0.6,225
2751,Camera,Nikon,black,0.6,275
2752,Camera,Nikon,black,0.9,475
2753,Camera,Nikon,black,0.7,325
2754,Camera,Canon,black,0.7,375
2755,Camera,Sony,black,0.95,525
2756,Camera,Sony,black,0.9,475
2757,Camera,Sony,black,0.9,425
2758,Camera,Canon,black,0.65,225
2759,Camera,Panasonic,black,0.85,425
2760,Camera,Sony,black,0.7,425
2761,Camera,Sony,black,0.9,425
2762,Camera,Nikon,black,0.95,425
2763,Camera,Panasonic,black,0.95,325
2764,Camera,Panasonic,black,0.8,425
2765,Camera,Panasonic,black,0.6,275
2766,Camera,Panasonic,black,0.85,475
2767,Camera,Canon,black,0.85,475
2768,Camera,Panasonic,black,0.8,225
2769,Camera,Sony,black,0.7,275
2770,Camera,Panasonic,black,0.75,325
2771,Camera,Canon,black,0.65,325
2772,Camera,Canon,black,0.7,325
2773,Camera,Canon,black,0.6,225
2774,Camera,Panasonic,black,0.6,275
2775,Camera,Nikon,black,0.8,375
2776,Camera,Nikon,black,0.65,225
2777,Camera,Canon,black,0.75,275
2778,Camera,Panasonic,black,0.85,425
2779,Camera,Panasonic,black,0.85,425
2780,Camera,Panasonic,black,0.75,425
2781,Camera,Sony,black,0.75,425
2782,Camera,Sony,black,0.6,375
2783,Camera,Nikon,black,0.65,325
2784,Camera,Sony,black,0.6,325
2785,Camera,Sony,black,0.85,475
2786,Camera,Canon,black,0.7,325
2787,Camera,Nikon,black,0.95,475
2788,Camera,Panasonic,black,0.95,425
2789,Camera,Sony,black,0.95,525
2790,Camera,Panasonic,black,0.9,375
2791,Camera,Sony,black,0.7,375
2792,Camera,Sony,black,0.65,375
2793,Camera,Canon,black,0.9,475
2794,Camera,Panasonic,black,0.7,275
2795,Camera,Sony,black,0.7,325
2796,Camera,Nikon,black,0.95,325
2797,Camera,Panasonic,black,0.9,275
2798,Camera,Nikon,black,0.6,325
2799,Camera,Nikon,black,0.75,225
2800,Camera,Canon,black,0.6,275
2801,Camera,Canon,black,0.6,225
2802,Camera,Panasonic,black,0.9,275
2803,Camera,Panasonic,black,0.8,325
2804,Camera,Canon,black,0.65,375
2805,Camera,Canon,black,0.6,375
2806,Camera,Canon,black,0.7,325
2807,Camera,Panasonic,black,0.8,325
2808,Camera,Nikon,black,0.6,275
2809,Camera,Nikon,black,0.75,325
2810,Camera,Sony,black,0.75,325
2811,Camera,Canon,black,0.8,375
2812,Camera,Panasonic,black,0.7,275
2813,Camera,Panasonic,black,0.7,375
2814,Camera,Sony,black,0.75,375
2815,Camera,Panasonic,black,0.8,325
2816,Camera,Sony,black,0.75,275
2817,Camera,Panasonic,black,0.65,225
2818,Camera,Sony,black,0.7,225
2819,Camera,Nikon,black,0.75,325
2820,Camera,Sony,black,0.75,425
2821,Camera,Nikon,black,0.9,475
2822,Camera,Canon,black,0.8,425
2823,Camera,Nikon,black,0.6,225
2824,Camera,Sony,black,0.8,375
2825,Camera,Nikon,black,0.75,375
2826,Camera,Panasonic,black,0.7,225
2827,Camera,Sony,black,0.9,325
2828,Camera,Canon,black,0.9,525
2829,Camera,Canon,black,0.7,275
2830,Camera,Canon,black,0.75,425
2831,Camera,Panasonic,black,0.95,375
2832,Camera,Sony,black,0.6,225
2833,Camera,Sony,black,0.9,425
2834,Camera,Nikon,black,0.9,475
2835,Camera,Canon,black,0.9,275
2836,Camera,Nikon,black,0.9,425
2837,Camera,Panasonic,black,0.7,375
2838,Camera,Panasonic,black,0.95,475
2839,Camera,Panasonic,black,0.75,275
2840,Camera,Panasonic,black,0.9,525
2841,Camera,Sony,black,0.7,275
2842,Camera,Panasonic,black,0.65,225
2843,Camera,Sony,black,0.65,275
2844,Camera,Nikon,black,0.6,275
2845,Camera,Canon,black,0.8,425
2846,Camera,Nikon,black,0.65,275
2847,Camera,Canon,black,0.7,275
2848,Camera,Panasonic,black,0.75,425
2849,Camera,Panasonic,black,0.6,225
2850,Camera,Panasonic,black,0.6,275
2851,Camera,Panasonic,black,0.65,325
2852,Camera,Canon,black,0.75,425
2853,Camera,Nikon,black,0.65,325
2854,Camera,Nikon,black,0.65,225
2855,Camera,Panasonic,black,0.6,275
2856,Camera,Nikon,black,0.9,375
2857,Camera,Panasonic,black,0.9,525
2858,Camera,Nikon,black,0.75,375
2859,Camera,Nikon,black,0.8,275
2860,Camera,Panasonic,black,0.7,275
2861,Camera,Sony,black,0.9,325
2862,Camera,Nikon,black,0.6,375
2863,Camera,Sony,black,0.8,275
2864,Camera,Panasonic,black,0.75,425
2865,Camera,Panasonic,black,0.95,525
2866,Camera,Sony,black,0.75,375
2867,Camera,Sony,black,0.65,225
2868,Camera,Sony,black,0.6,175
2869,Camera,Sony,black,0.65,325
2870,Camera,Nikon,black,0.85,425
2871,Camera,Canon,black,0.75,275
2872,Camera,Nikon,black,0.7,275
2873,Camera,Canon,black,0.85,475
2874,Camera,Nikon,black,0.8,425
2875,Camera,Nikon,black,0.85,275
2876,Camera,Sony,black,0.95,275
2877,Camera,Nikon,black,0.85,475
2878,Camera,Nikon,black,0.95,525
2879,Camera,Panasonic,black,0.75,425
2880,Camera,Sony,black,0.85,275
2881,Camera,Nikon,black,0.75,425
2882,Camera,Canon,black,0.6,225
2883,Camera,Nikon,black,0.9,325
2884,Camera,Canon,black,0.7,225
2885,Camera,Panasonic,black,0.8,275
2886,Camera,Panasonic,black,0.95,525
2887,Camera,Panasonic,black,0.8,375
2888,Camera,Canon,black,0.8,275
2889,Camera,Sony,black,0.65,375
2890,Camera,Panasonic,black,0.6,225
2891,Camera,Sony,black,0.75,425
2892,Camera,Nikon,black,0.8,475
2893,Camera,Nikon,black,0.9,325
2894,Camera,Canon,black,0.85,275
2895,Camera,Panasonic,black,0.65,225
2896,Camera,Sony,black,0.75,375
2897,Camera,Canon,black,0.6,325
2898,Camera,Canon,black,0.6,275
2899,Camera,Nikon,black,0.75,275
2900,Camera,Canon,black,0.8,475
2901,Camera,Panasonic,black,0.8,325
2902,Camera,Sony,black,0.85,475
2903,Camera,Sony,black,0.95,425
2904,Camera,Canon,black,0.8,375
2905,Camera,Panasonic,black,0.95,475
2906,Camera,Sony,black,0.7,275
2907,Camera,Sony,black,0.8,475
2908,Camera,Canon,black,0.65,275
2909,Camera,Nikon,black,0.7,375
2910,Camera,Panasonic,black,0.7,375
2911,Camera,Panasonic,black,0.65,325
2912,Camera,Panasonic,black,0.6,375
2913,Camera,Nikon,black,0.75,225
2914,Camera,Canon,black,0.95,375
2915,Camera,Canon,black,0.6,225
2916,Camera,Panasonic,black,0.85,325
2917,Camera,Canon,black,0.8,375
2918,Camera,Panasonic,black,0.65,275
2919,Camera,Nikon,black,0.6,225
2920,Camera,Canon,black,0.7,375
2921,Camera,Canon,black,0.65,175
2922,Camera,Canon,black,0.65,275
2923,Camera,Panasonic,black,0.75,425
2924,Camera,Sony,black,0.9,425
2925,Camera,Panasonic,black,0.6,225
2926,Camera,Panasonic,black,0.6,375
2927,Camera,Nikon,black,0.95,325
2928,Camera,Panasonic,black,0.7,375
2929,Camera,Sony,black,0.95,525
2930,Camera,Canon,black,0.8,425
2931,Camera,Panasonic,black,0.9,325
2932,Camera,Nikon,black,0.75,275
2933,Camera,Sony,black,0.8,275
2934,Camera,Panasonic,black,0.9,375
2935,Camera,Canon,black,0.75,375
2936,Camera,Canon,black,0.85,425
2937,Camera,Sony,black,0.9,275
2938,Camera,Panasonic,black,0.8,425
2939,Camera,Canon,black,0.75,375
2940,Camera,Panasonic,black,0.95,375
2941,Camera,Sony,black,0.9,375
2942,Camera,Canon,black,0.65,325
2943,Camera,Canon,black,0.75,375
2944,Camera,Canon,black,0.75,275
2945,Camera,Canon,black,0.6,275
2946,Camera,Sony,black,0.85,275
2947,Camera,Sony,black,0.8,475
2948,Camera,Nikon,black,0.85,375
2949,Camera,Nikon,black,0.85,475
2950,Camera,Nikon,black,0.7,325
2951,Camera,Sony,black,0.65,325
2952,Camera,Panasonic,black,0.9,325
2953,Camera,Panasonic,black,0.85,475
2954,Camera,Sony,black,0.8,325
2955,Camera,Sony,black,0.75,325
2956,Camera,Sony,black,0.8,375
2957,Camera,Nikon,black,0.8,425
2958,Camera,Sony,black,0.9,325
2959,Camera,Nikon,black,0.6,225
2960,Camera,Nikon,black,0.65,375
2961,Camera,Canon,black,0.9,325
2962,Camera,Sony,black,0.8,325
2963,Camera,Sony,black,0.9,325
2964,Camera,Nikon,black,0.7,325
2965,Camera,Nikon,black,0.65,375
2966,Camera,Panasonic,black,0.95,325
2967,Camera,Panasonic,black,0.85,475
2968,Camera,Canon,black,0.85,275
2969,Camera,Nikon,black,0.95,475
2970,Camera,Canon,black,0.9,475
2971,Camera,Canon,black,0.65,325
2972,Camera,Panasonic,black,0.95,525
2973,Camera,Panasonic,black,0.9,275
2974,Camera,Nikon,black,0.75,375
2975,Camera,Nikon,black,0.6,225
2976,Camera,Panasonic,black,0.85,425
2977,Camera,Canon,black,0.8,375
2978,Camera,Sony,black,0.75,275
2979,Camera,Nikon,black,0.9,525
2980,Camera,Sony,black,0.85,375
2981,Camera,Nikon,black,0.9,375
2982,Camera,Panasonic,black,0.8,475
2983,Camera,Panasonic,black,0.95,375
2984,Camera,Sony,black,0.65,325
2985,Camera,Sony,black,0.7,325
2986,Camera,Canon,black,0.6,275
2987,Camera,Sony,black,0.6,225
2988,Camera,Canon,black,0.95,375
2989,Camera,Panasonic,black,0.7,275
2990,Camera,Canon,black,0.65,225
